,Year,Country,Total,Solid Fuel,Liquid Fuel,Gas Fuel,Cement,Gas Flaring,Per Capita,Bunker fuels (Not in Total),Country Code,Indicator Name_x,Indicator Code_x,GDP,Indicator Name_y,Indicator Code_y,Population
0,2013,AFGHANISTAN,2731.0,1075.0,1568.0,81.0,7.0,0.0,0.09,9.0,AFG,GDP (current US$),NY.GDP.MKTP.CD,20146404996.223,"Population, total",SP.POP.TOTL,32269592.0
1,2013,ALBANIA,1381.0,150.0,909.0,9.0,313.0,0.0,0.48,24.0,ALB,GDP (current US$),NY.GDP.MKTP.CD,12776220507.0162,"Population, total",SP.POP.TOTL,2895092.0
2,2013,ALGERIA,36669.0,198.0,14170.0,17863.0,2516.0,1922.0,0.96,687.0,DZA,GDP (current US$),NY.GDP.MKTP.CD,209755003250.664,"Population, total",SP.POP.TOTL,38140135.0
3,2013,ANDORRA,130.0,0.0,130.0,0.0,0.0,0.0,1.71,0.0,AND,GDP (current US$),NY.GDP.MKTP.CD,3193512950.02419,"Population, total",SP.POP.TOTL,80770.0
4,2013,ANGOLA,8895.0,0.0,4738.0,209.0,272.0,3675.0,0.38,374.0,AGO,GDP (current US$),NY.GDP.MKTP.CD,133401594460.922,"Population, total",SP.POP.TOTL,26015786.0
5,2013,ANGUILLA,37.0,0.0,37.0,0.0,0.0,0.0,2.58,0.0,,,,,,,
6,2013,ANTIGUA & BARBUDA,143.0,0.0,143.0,0.0,0.0,0.0,1.59,42.0,,,,,,,
7,2013,ARGENTINA,51773.0,649.0,24226.0,24771.0,1617.0,510.0,1.22,2253.0,ARG,GDP (current US$),NY.GDP.MKTP.CD,552025140252.246,"Population, total",SP.POP.TOTL,42202935.0
8,2013,ARMENIA,1499.0,1.0,232.0,1207.0,59.0,0.0,0.5,39.0,ARM,GDP (current US$),NY.GDP.MKTP.CD,11121465767.4067,"Population, total",SP.POP.TOTL,2897593.0
9,2013,ARUBA,235.0,0.0,235.0,0.0,0.0,0.0,2.29,80.0,ABW,GDP (current US$),NY.GDP.MKTP.CD,2727932960.89385,"Population, total",SP.POP.TOTL,103165.0
10,2013,AUSTRALIA,101518.0,47663.0,33655.0,18902.0,1142.0,155.0,4.36,3445.0,AUS,GDP (current US$),NY.GDP.MKTP.CD,1576335282651.07,"Population, total",SP.POP.TOTL,23128129.0
11,2013,AUSTRIA,17040.0,3402.0,8632.0,4410.0,596.0,0.0,2.01,555.0,AUT,GDP (current US$),NY.GDP.MKTP.CD,430190979705.962,"Population, total",SP.POP.TOTL,8479823.0
12,2013,AZERBAIJAN,9720.0,3.0,3293.0,5436.0,312.0,675.0,1.02,393.0,AZE,GDP (current US$),NY.GDP.MKTP.CD,74164435946.4627,"Population, total",SP.POP.TOTL,9416801.0
13,2013,BAHAMAS,764.0,1.0,763.0,0.0,0.0,0.0,2.02,167.0,,,,,,,
14,2013,BAHRAIN,8539.0,0.0,1211.0,7145.0,184.0,0.0,6.33,344.0,BHR,GDP (current US$),NY.GDP.MKTP.CD,32539468085.1064,"Population, total",SP.POP.TOTL,1315029.0
15,2013,BANGLADESH,19010.0,1023.0,3866.0,11839.0,2282.0,0.0,0.12,352.0,BGD,GDP (current US$),NY.GDP.MKTP.CD,149990451022.29,"Population, total",SP.POP.TOTL,152761413.0
16,2013,BARBADOS,395.0,0.0,360.0,12.0,22.0,1.0,1.4,109.0,BRB,GDP (current US$),NY.GDP.MKTP.CD,4677248301.89959,"Population, total",SP.POP.TOTL,284294.0
17,2013,BELARUS,17390.0,858.0,5170.0,10675.0,688.0,0.0,1.83,86.0,BLR,GDP (current US$),NY.GDP.MKTP.CD,75527984234.2342,"Population, total",SP.POP.TOTL,9443211.0
18,2013,BELGIUM,26444.0,3291.0,13330.0,8991.0,832.0,0.0,2.37,6542.0,BEL,GDP (current US$),NY.GDP.MKTP.CD,521791015247.06,"Population, total",SP.POP.TOTL,11159407.0
19,2013,BELIZE,140.0,0.0,138.0,2.0,0.0,0.0,0.41,12.0,BLZ,GDP (current US$),NY.GDP.MKTP.CD,1581844936.42351,"Population, total",SP.POP.TOTL,345707.0
20,2013,BENIN,1585.0,0.0,1392.0,0.0,193.0,0.0,0.15,146.0,BEN,GDP (current US$),NY.GDP.MKTP.CD,12517845732.2095,"Population, total",SP.POP.TOTL,10004594.0
21,2013,BERMUDA,125.0,0.0,125.0,0.0,0.0,0.0,1.99,18.0,BMU,GDP (current US$),NY.GDP.MKTP.CD,6465756000.0,"Population, total",SP.POP.TOTL,65001.0
22,2013,BHUTAN,251.0,53.0,120.0,0.0,78.0,0.0,0.33,3.0,BTN,GDP (current US$),NY.GDP.MKTP.CD,1756215665.09323,"Population, total",SP.POP.TOTL,710235.0
23,2013,"BONAIRE, SAINT EUSTATIUS, AND SABA",88.0,0.0,88.0,0.0,0.0,0.0,3.71,190.0,,,,,,,
24,2013,BOSNIA & HERZEGOVINA,5978.0,4663.0,1093.0,102.0,120.0,0.0,1.56,3.0,,,,,,,
25,2013,BOTSWANA,1426.0,589.0,787.0,0.0,50.0,0.0,0.66,11.0,BWA,GDP (current US$),NY.GDP.MKTP.CD,14901750991.2012,"Population, total",SP.POP.TOTL,2062551.0
26,2013,BRAZIL,137354.0,18773.0,88898.0,19399.0,9517.0,767.0,0.67,4895.0,BRA,GDP (current US$),NY.GDP.MKTP.CD,2472819362216.69,"Population, total",SP.POP.TOTL,201035904.0
27,2013,BRITISH VIRGIN ISLANDS,48.0,0.0,48.0,0.0,0.0,0.0,1.64,0.0,VGB,GDP (current US$),NY.GDP.MKTP.CD,,"Population, total",SP.POP.TOTL,28850.0
28,2013,BRUNEI (DARUSSALAM),2128.0,0.0,452.0,1535.0,46.0,95.0,5.17,139.0,,,,,,,
29,2013,BULGARIA,10799.0,6326.0,2729.0,1498.0,246.0,0.0,1.49,210.0,BGR,GDP (current US$),NY.GDP.MKTP.CD,55810138436.4821,"Population, total",SP.POP.TOTL,7265115.0
30,2013,BURKINA FASO,834.0,0.0,755.0,0.0,79.0,0.0,0.05,47.0,BFA,GDP (current US$),NY.GDP.MKTP.CD,13444301139.1384,"Population, total",SP.POP.TOTL,17072791.0
31,2013,BURUNDI,79.0,6.0,59.0,0.0,14.0,0.0,0.01,3.0,BDI,GDP (current US$),NY.GDP.MKTP.CD,2451606684.31708,"Population, total",SP.POP.TOTL,9540302.0
32,2013,CAMBODIA,1528.0,49.0,1335.0,0.0,144.0,0.0,0.1,54.0,KHM,GDP (current US$),NY.GDP.MKTP.CD,15227991395.2201,"Population, total",SP.POP.TOTL,15026330.0
33,2013,CANADA,141031.0,18778.0,65850.0,53841.0,1579.0,983.0,4.0,1048.0,CAN,GDP (current US$),NY.GDP.MKTP.CD,1846597421834.98,"Population, total",SP.POP.TOTL,35082954.0
34,2013,CAPE VERDE,136.0,0.0,136.0,0.0,0.0,0.0,0.27,86.0,,,,,,,
35,2013,CAYMAN ISLANDS,146.0,0.0,146.0,0.0,0.0,0.0,2.5,9.0,CYM,GDP (current US$),NY.GDP.MKTP.CD,4405954696.16336,"Population, total",SP.POP.TOTL,59933.0
36,2013,CENTRAL AFRICAN REPUBLIC,81.0,0.0,81.0,0.0,0.0,0.0,0.02,28.0,CAF,GDP (current US$),NY.GDP.MKTP.CD,1691544192.38242,"Population, total",SP.POP.TOTL,4447945.0
37,2013,CHAD,191.0,0.0,167.0,0.0,24.0,0.0,0.01,15.0,TCD,GDP (current US$),NY.GDP.MKTP.CD,12953535495.8781,"Population, total",SP.POP.TOTL,13220433.0
38,2013,CHILE,22696.0,6931.0,12531.0,2536.0,664.0,33.0,1.29,689.0,CHL,GDP (current US$),NY.GDP.MKTP.CD,277239461340.404,"Population, total",SP.POP.TOTL,17571511.0
39,2013,CHINA (MAINLAND),2797384.0,2045156.0,336960.0,87371.0,327896.0,0.0,2.05,12057.0,,,,,,,
40,2013,COLOMBIA,24441.0,3581.0,11564.0,6306.0,1530.0,1459.0,0.52,1547.0,COL,GDP (current US$),NY.GDP.MKTP.CD,382116126448.554,"Population, total",SP.POP.TOTL,46495492.0
41,2013,COMOROS,48.0,0.0,48.0,0.0,0.0,0.0,0.06,3.0,COM,GDP (current US$),NY.GDP.MKTP.CD,1116224161.07781,"Population, total",SP.POP.TOTL,741511.0
42,2013,CONGO,842.0,0.0,693.0,115.0,34.0,0.0,0.19,37.0,,,,,,,
43,2013,COOK ISLANDS,19.0,0.0,19.0,0.0,0.0,0.0,0.93,2.0,,,,,,,
44,2013,COSTA RICA,2072.0,63.0,1809.0,0.0,199.0,0.0,0.44,133.0,CRI,GDP (current US$),NY.GDP.MKTP.CD,50949672205.9168,"Population, total",SP.POP.TOTL,4742111.0
45,2013,COTE D IVOIRE,2914.0,0.0,1578.0,1023.0,313.0,0.0,0.13,62.0,,,,,,,
46,2013,CROATIA,4786.0,699.0,2344.0,1425.0,317.0,0.0,1.12,98.0,HRV,GDP (current US$),NY.GDP.MKTP.CD,58889082315.336,"Population, total",SP.POP.TOTL,4255689.0
47,2013,CUBA,9490.0,10.0,8696.0,558.0,226.0,0.0,0.84,203.0,CUB,GDP (current US$),NY.GDP.MKTP.CD,77148000000.0,"Population, total",SP.POP.TOTL,11282722.0
48,2013,CURACAO,1422.0,0.0,1422.0,0.0,0.0,0.0,9.21,1421.0,CUW,GDP (current US$),NY.GDP.MKTP.CD,3039944134.07821,"Population, total",SP.POP.TOTL,153822.0
49,2013,CYPRUS,1622.0,0.0,1505.0,0.0,116.0,0.0,1.42,406.0,CYP,GDP (current US$),NY.GDP.MKTP.CD,23900872625.8467,"Population, total",SP.POP.TOTL,1143866.0
50,2013,CZECH REPUBLIC,26909.0,17124.0,5010.0,4339.0,437.0,0.0,2.55,234.0,,,,,,,
51,2013,DEMOCRATIC PEOPLE S REPUBLIC OF KOREA,9820.0,8108.0,746.0,0.0,966.0,0.0,0.39,0.0,,,,,,,
52,2013,DEMOCRATIC REPUBLIC OF THE CONGO (FORMERLY ZAIRE),979.0,0.0,918.0,0.0,61.0,0.0,0.01,129.0,,,,,,,
53,2013,DENMARK,10508.0,3248.0,4884.0,2071.0,249.0,56.0,1.87,1230.0,DNK,GDP (current US$),NY.GDP.MKTP.CD,343584391647.927,"Population, total",SP.POP.TOTL,5614932.0
54,2013,DJIBOUTI,166.0,0.0,146.0,0.0,20.0,0.0,0.19,92.0,DJI,GDP (current US$),NY.GDP.MKTP.CD,2042817162.85639,"Population, total",SP.POP.TOTL,883296.0
55,2013,DOMINICA,36.0,0.0,36.0,0.0,0.0,0.0,0.5,2.0,DMA,GDP (current US$),NY.GDP.MKTP.CD,498296296.296296,"Population, total",SP.POP.TOTL,71019.0
56,2013,DOMINICAN REPUBLIC,5847.0,604.0,4136.0,530.0,577.0,0.0,0.57,371.0,DOM,GDP (current US$),NY.GDP.MKTP.CD,62682163837.347,"Population, total",SP.POP.TOTL,10048226.0
57,2013,ECUADOR,11180.0,0.0,9454.0,539.0,907.0,280.0,0.71,634.0,ECU,GDP (current US$),NY.GDP.MKTP.CD,95129659000.0,"Population, total",SP.POP.TOTL,15707473.0
58,2013,EGYPT,58198.0,224.0,26501.0,24672.0,6800.0,0.0,0.66,694.0,,,,,,,
59,2013,EL SALVADOR,1699.0,0.0,1536.0,0.0,163.0,0.0,0.28,123.0,SLV,GDP (current US$),NY.GDP.MKTP.CD,21990960000.0,"Population, total",SP.POP.TOTL,6266076.0
60,2013,EQUATORIAL GUINEA,1408.0,0.0,166.0,823.0,0.0,420.0,1.77,30.0,GNQ,GDP (current US$),NY.GDP.MKTP.CD,21948835350.3425,"Population, total",SP.POP.TOTL,1076412.0
61,2013,ERITREA,182.0,0.0,147.0,0.0,35.0,0.0,0.04,1.0,ERI,GDP (current US$),NY.GDP.MKTP.CD,,"Population, total",SP.POP.TOTL,
62,2013,ESTONIA,5425.0,4736.0,280.0,347.0,62.0,0.0,4.11,393.0,EST,GDP (current US$),NY.GDP.MKTP.CD,25115753366.1114,"Population, total",SP.POP.TOTL,1317997.0
63,2013,ETHIOPIA,2900.0,211.0,2009.0,0.0,680.0,0.0,0.03,299.0,ETH,GDP (current US$),NY.GDP.MKTP.CD,47648211133.2183,"Population, total",SP.POP.TOTL,95385793.0
64,2013,FAEROE ISLANDS,185.0,0.0,185.0,0.0,0.0,0.0,3.83,20.0,,,,,,,
65,2013,FALKLAND ISLANDS (MALVINAS),15.0,3.0,12.0,0.0,0.0,0.0,5.18,0.0,,,,,,,
66,2013,FEDERATED STATES OF MICRONESIA,39.0,0.0,39.0,0.0,0.0,0.0,0.37,1.0,,,,,,,
67,2013,FIJI,314.0,0.0,289.0,0.0,25.0,0.0,0.36,48.0,FJI,GDP (current US$),NY.GDP.MKTP.CD,4190143206.25611,"Population, total",SP.POP.TOTL,865602.0
68,2013,FINLAND,12877.0,5478.0,5437.0,1784.0,177.0,0.0,2.36,639.0,FIN,GDP (current US$),NY.GDP.MKTP.CD,271362405890.589,"Population, total",SP.POP.TOTL,5438972.0
69,2013,FRANCE (INCLUDING MONACO),91109.0,12683.0,51614.0,24363.0,2450.0,0.0,1.43,6547.0,,,,,,,
70,2013,FRENCH GUIANA,172.0,0.0,159.0,0.0,13.0,0.0,0.68,33.0,,,,,,,
71,2013,FRENCH POLYNESIA,224.0,0.0,224.0,0.0,0.0,0.0,0.81,46.0,PYF,GDP (current US$),NY.GDP.MKTP.CD,,"Population, total",SP.POP.TOTL,270332.0
72,2013,GABON,1440.0,0.0,738.0,158.0,23.0,522.0,0.87,222.0,GAB,GDP (current US$),NY.GDP.MKTP.CD,17595745653.3676,"Population, total",SP.POP.TOTL,1817070.0
73,2013,GAMBIA,118.0,0.0,116.0,1.0,0.0,0.0,0.06,18.0,,,,,,,
74,2013,GEORGIA,2143.0,331.0,726.0,867.0,220.0,0.0,0.52,73.0,GEO,GDP (current US$),NY.GDP.MKTP.CD,17189551520.9811,"Population, total",SP.POP.TOTL,3717668.0
75,2013,GERMANY,206521.0,86226.0,70373.0,45658.0,4258.0,5.0,2.56,8982.0,DEU,GDP (current US$),NY.GDP.MKTP.CD,3733804649549.03,"Population, total",SP.POP.TOTL,80645605.0
76,2013,GHANA,3987.0,0.0,3415.0,164.0,408.0,0.0,0.15,153.0,GHA,GDP (current US$),NY.GDP.MKTP.CD,62823043706.4702,"Population, total",SP.POP.TOTL,26607641.0
77,2013,GIBRALTAR,134.0,0.0,134.0,0.0,0.0,0.0,4.22,3370.0,GIB,GDP (current US$),NY.GDP.MKTP.CD,,"Population, total",SP.POP.TOTL,33694.0
78,2013,GREECE,18948.0,7517.0,8594.0,2021.0,815.0,0.0,1.71,2443.0,GRC,GDP (current US$),NY.GDP.MKTP.CD,238907690051.13,"Population, total",SP.POP.TOTL,10965211.0
79,2013,GREENLAND,151.0,0.0,151.0,0.0,0.0,0.0,2.68,14.0,GRL,GDP (current US$),NY.GDP.MKTP.CD,2684952726.88425,"Population, total",SP.POP.TOTL,56483.0
80,2013,GRENADA,83.0,0.0,83.0,0.0,0.0,0.0,0.78,3.0,GRD,GDP (current US$),NY.GDP.MKTP.CD,842620111.111111,"Population, total",SP.POP.TOTL,108172.0
81,2013,GUADELOUPE,697.0,145.0,511.0,0.0,41.0,0.0,1.5,92.0,,,,,,,
82,2013,GUATEMALA,3718.0,361.0,2954.0,0.0,404.0,0.0,0.24,310.0,GTM,GDP (current US$),NY.GDP.MKTP.CD,52996540703.5943,"Population, total",SP.POP.TOTL,15043981.0
83,2013,GUINEA,627.0,0.0,576.0,0.0,51.0,0.0,0.05,21.0,GIN,GDP (current US$),NY.GDP.MKTP.CD,8376613843.27265,"Population, total",SP.POP.TOTL,10892821.0
84,2013,GUINEA BISSAU,70.0,0.0,70.0,0.0,0.0,0.0,0.04,9.0,,,,,,,
85,2013,GUYANA,528.0,0.0,528.0,0.0,0.0,0.0,0.69,9.0,GUY,GDP (current US$),NY.GDP.MKTP.CD,4167800259.20888,"Population, total",SP.POP.TOTL,759281.0
86,2013,HAITI,656.0,0.0,615.0,0.0,41.0,0.0,0.06,76.0,HTI,GDP (current US$),NY.GDP.MKTP.CD,14902474090.615,"Population, total",SP.POP.TOTL,10400672.0
87,2013,HONDURAS,2472.0,186.0,2055.0,0.0,231.0,0.0,0.31,36.0,HND,GDP (current US$),NY.GDP.MKTP.CD,18499710127.8385,"Population, total",SP.POP.TOTL,8798524.0
88,2013,HONG KONG SPECIAL ADMINSTRATIVE REGION OF CHINA,12273.0,8037.0,2698.0,1298.0,240.0,0.0,1.71,13498.0,,,,,,,
89,2013,HUNGARY,11492.0,2547.0,3923.0,4747.0,275.0,0.0,1.16,139.0,HUN,GDP (current US$),NY.GDP.MKTP.CD,135732595721.853,"Population, total",SP.POP.TOTL,9893082.0
90,2013,ICELAND,518.0,101.0,417.0,0.0,0.0,0.0,1.59,156.0,ISL,GDP (current US$),NY.GDP.MKTP.CD,16125060515.3117,"Population, total",SP.POP.TOTL,323764.0
91,2013,INDIA,554882.0,362676.0,125763.0,27784.0,38080.0,579.0,0.43,4405.0,IND,GDP (current US$),NY.GDP.MKTP.CD,1856722121394.53,"Population, total",SP.POP.TOTL,1280842119.0
92,2013,INDONESIA,133686.0,39375.0,65400.0,17673.0,7710.0,3528.0,0.53,1068.0,IDN,GDP (current US$),NY.GDP.MKTP.CD,912524136718.018,"Population, total",SP.POP.TOTL,251805314.0
93,2013,IRAQ,45134.0,0.0,33411.0,3564.0,1632.0,6527.0,1.32,491.0,IRQ,GDP (current US$),NY.GDP.MKTP.CD,234637675128.645,"Population, total",SP.POP.TOTL,33157061.0
94,2013,IRELAND,9505.0,2132.0,4705.0,2395.0,272.0,0.0,2.03,631.0,IRL,GDP (current US$),NY.GDP.MKTP.CD,238279269750.987,"Population, total",SP.POP.TOTL,4623816.0
95,2013,ISLAMIC REPUBLIC OF IRAN,169015.0,1160.0,68466.0,80495.0,9343.0,9550.0,2.19,3665.0,,,,,,,
96,2013,ISRAEL,18290.0,7281.0,6554.0,3585.0,870.0,0.0,2.34,1130.0,ISR,GDP (current US$),NY.GDP.MKTP.CD,294167366504.266,"Population, total",SP.POP.TOTL,8059500.0
97,2013,ITALY (INCLUDING SAN MARINO),94169.0,14007.0,41178.0,35842.0,3142.0,0.0,1.57,4440.0,,,,,,,
98,2013,JAMAICA,2207.0,64.0,2030.0,0.0,112.0,0.0,0.8,195.0,JAM,GDP (current US$),NY.GDP.MKTP.CD,14264202737.3082,"Population, total",SP.POP.TOTL,2858710.0
99,2013,JAPAN,339928.0,125408.0,140230.0,66407.0,7883.0,0.0,2.68,8631.0,JPN,GDP (current US$),NY.GDP.MKTP.CD,5212328181166.18,"Population, total",SP.POP.TOTL,127445000.0
100,2013,JORDAN,6651.0,322.0,5248.0,510.0,571.0,0.0,0.92,121.0,JOR,GDP (current US$),NY.GDP.MKTP.CD,34454440140.8451,"Population, total",SP.POP.TOTL,8518992.0
101,2013,KAZAKHSTAN,71679.0,38840.0,12964.0,18914.0,962.0,0.0,4.19,140.0,KAZ,GDP (current US$),NY.GDP.MKTP.CD,236634552078.102,"Population, total",SP.POP.TOTL,17035551.0
102,2013,KENYA,3636.0,274.0,2673.0,0.0,688.0,0.0,0.08,495.0,KEN,GDP (current US$),NY.GDP.MKTP.CD,61671425370.0235,"Population, total",SP.POP.TOTL,45519986.0
103,2013,KIRIBATI,17.0,0.0,17.0,0.0,0.0,0.0,0.15,3.0,KIR,GDP (current US$),NY.GDP.MKTP.CD,184550740.142316,"Population, total",SP.POP.TOTL,107887.0
104,2013,KUWAIT,26819.0,0.0,16863.0,9434.0,408.0,114.0,7.46,1599.0,KWT,GDP (current US$),NY.GDP.MKTP.CD,174161142454.161,"Population, total",SP.POP.TOTL,3526382.0
105,2013,KYRGYZSTAN,2684.0,976.0,1309.0,171.0,228.0,0.0,0.47,41.0,,,,,,,
106,2013,LAO PEOPLE S DEMOCRATIC REPUBLIC,430.0,105.0,121.0,0.0,204.0,0.0,0.07,9.0,,,,,,,
107,2013,LATVIA,1931.0,82.0,960.0,752.0,136.0,0.0,0.96,310.0,LVA,GDP (current US$),NY.GDP.MKTP.CD,30204783461.8488,"Population, total",SP.POP.TOTL,2012647.0
108,2013,LEBANON,6158.0,137.0,5228.0,0.0,793.0,0.0,1.16,247.0,LBN,GDP (current US$),NY.GDP.MKTP.CD,46880103080.6634,"Population, total",SP.POP.TOTL,5913016.0
109,2013,LESOTHO,664.0,500.0,164.0,0.0,0.0,0.0,0.32,0.0,LSO,GDP (current US$),NY.GDP.MKTP.CD,2367113170.00373,"Population, total",SP.POP.TOTL,2028528.0
110,2013,LIBERIA,261.0,0.0,235.0,0.0,26.0,0.0,0.06,18.0,LBR,GDP (current US$),NY.GDP.MKTP.CD,3177198100.0,"Population, total",SP.POP.TOTL,4248337.0
111,2013,LIBYAN ARAB JAMAHIRIYAH,15344.0,0.0,9745.0,3622.0,272.0,1705.0,2.45,339.0,,,,,,,
112,2013,LIECHTENSTEIN,14.0,0.0,0.0,14.0,0.0,0.0,0.37,0.0,LIE,GDP (current US$),NY.GDP.MKTP.CD,6391735893.83968,"Population, total",SP.POP.TOTL,36940.0
113,2013,LITHUANIA,3447.0,280.0,1669.0,1352.0,146.0,0.0,1.16,135.0,LTU,GDP (current US$),NY.GDP.MKTP.CD,46523420074.4372,"Population, total",SP.POP.TOTL,2957689.0
114,2013,LUXEMBOURG,2741.0,49.0,2004.0,556.0,133.0,0.0,5.03,310.0,LUX,GDP (current US$),NY.GDP.MKTP.CD,65203276466.9763,"Population, total",SP.POP.TOTL,543360.0
115,2013,MACAU SPECIAL ADMINSTRATIVE REGION OF CHINA,322.0,0.0,322.0,0.0,0.0,0.0,0.57,0.0,,,,,,,
116,2013,MACEDONIA,2140.0,1244.0,711.0,81.0,104.0,0.0,1.03,9.0,,,,,,,
117,2013,MADAGASCAR,850.0,308.0,511.0,0.0,31.0,0.0,0.04,60.0,MDG,GDP (current US$),NY.GDP.MKTP.CD,12423555269.3893,"Population, total",SP.POP.TOTL,22961259.0
118,2013,MALAWI,334.0,60.0,229.0,0.0,44.0,0.0,0.02,6.0,MWI,GDP (current US$),NY.GDP.MKTP.CD,5518880768.57955,"Population, total",SP.POP.TOTL,15839287.0
119,2013,MALAYSIA,64497.0,15827.0,23656.0,20556.0,2918.0,1540.0,2.19,2286.0,MYS,GDP (current US$),NY.GDP.MKTP.CD,323277158906.979,"Population, total",SP.POP.TOTL,29468923.0
120,2013,MALDIVES,298.0,0.0,298.0,0.0,0.0,0.0,0.85,125.0,MDV,GDP (current US$),NY.GDP.MKTP.CD,3295011381.75405,"Population, total",SP.POP.TOTL,415592.0
121,2013,MALI,280.0,0.0,280.0,0.0,0.0,0.0,0.02,20.0,MLI,GDP (current US$),NY.GDP.MKTP.CD,13242690790.0557,"Population, total",SP.POP.TOTL,16449854.0
122,2013,MALTA,638.0,0.0,638.0,0.0,0.0,0.0,1.53,1129.0,MLT,GDP (current US$),NY.GDP.MKTP.CD,10551661176.7831,"Population, total",SP.POP.TOTL,425967.0
123,2013,MARSHALL ISLANDS,28.0,0.0,28.0,0.0,0.0,0.0,0.54,0.0,MHL,GDP (current US$),NY.GDP.MKTP.CD,184840400.0,"Population, total",SP.POP.TOTL,56933.0
124,2013,MARTINIQUE,603.0,0.0,583.0,0.0,20.0,0.0,1.52,119.0,,,,,,,
125,2013,MAURITANIA,728.0,0.0,634.0,0.0,94.0,0.0,0.19,25.0,MRT,GDP (current US$),NY.GDP.MKTP.CD,7223071177.15856,"Population, total",SP.POP.TOTL,3817497.0
126,2013,MAURITIUS,1110.0,456.0,654.0,0.0,0.0,0.0,0.88,330.0,MUS,GDP (current US$),NY.GDP.MKTP.CD,12129642296.4425,"Population, total",SP.POP.TOTL,1258653.0
127,2013,MEXICO,133717.0,13640.0,75790.0,38831.0,4707.0,749.0,1.08,3124.0,MEX,GDP (current US$),NY.GDP.MKTP.CD,1274443084716.57,"Population, total",SP.POP.TOTL,118827158.0
128,2013,MONGOLIA,10568.0,9531.0,1002.0,0.0,35.0,0.0,3.7,0.0,MNG,GDP (current US$),NY.GDP.MKTP.CD,12582122604.1921,"Population, total",SP.POP.TOTL,2881783.0
129,2013,MONTENEGRO,613.0,397.0,217.0,0.0,0.0,0.0,0.98,11.0,MNE,GDP (current US$),NY.GDP.MKTP.CD,4465771672.62005,"Population, total",SP.POP.TOTL,621207.0
130,2013,MONTSERRAT,14.0,0.0,14.0,0.0,0.0,0.0,2.81,1.0,,,,,,,
131,2013,MOROCCO,16112.0,3104.0,10067.0,646.0,2294.0,0.0,0.47,610.0,MAR,GDP (current US$),NY.GDP.MKTP.CD,106825649872.108,"Population, total",SP.POP.TOTL,33715705.0
132,2013,MOZAMBIQUE,1096.0,10.0,811.0,97.0,177.0,0.0,0.04,60.0,MOZ,GDP (current US$),NY.GDP.MKTP.CD,16974314296.2182,"Population, total",SP.POP.TOTL,25560752.0
133,2013,MYANMAR (FORMERLY BURMA),3507.0,352.0,1853.0,1147.0,152.0,3.0,0.07,33.0,,,,,,,
134,2013,NAMIBIA,717.0,29.0,598.0,0.0,90.0,0.0,0.31,17.0,NAM,GDP (current US$),NY.GDP.MKTP.CD,12043276397.1652,"Population, total",SP.POP.TOTL,2233506.0
135,2013,NAURU,12.0,0.0,12.0,0.0,0.0,0.0,1.16,4.0,NRU,GDP (current US$),NY.GDP.MKTP.CD,98491843.6441982,"Population, total",SP.POP.TOTL,10208.0
136,2013,NEPAL,1810.0,284.0,1119.0,0.0,407.0,0.0,0.07,80.0,NPL,GDP (current US$),NY.GDP.MKTP.CD,22162208956.1412,"Population, total",SP.POP.TOTL,26916795.0
137,2013,NETHERLANDS,47247.0,8088.0,18056.0,20810.0,272.0,20.0,2.81,14274.0,NLD,GDP (current US$),NY.GDP.MKTP.CD,877172824534.512,"Population, total",SP.POP.TOTL,16804432.0
138,2013,NEW CALEDONIA,1157.0,366.0,775.0,0.0,16.0,0.0,4.51,11.0,NCL,GDP (current US$),NY.GDP.MKTP.CD,10151385305.7645,"Population, total",SP.POP.TOTL,263650.0
139,2013,NEW ZEALAND,9124.0,1545.0,4898.0,2486.0,158.0,38.0,2.04,953.0,NZL,GDP (current US$),NY.GDP.MKTP.CD,190906575136.003,"Population, total",SP.POP.TOTL,4442100.0
140,2013,NICARAGUA,1241.0,0.0,1153.0,0.0,88.0,0.0,0.21,17.0,NIC,GDP (current US$),NY.GDP.MKTP.CD,10982979274.1922,"Population, total",SP.POP.TOTL,6062462.0
141,2013,NIGER,529.0,93.0,432.0,0.0,4.0,0.0,0.03,19.0,NER,GDP (current US$),NY.GDP.MKTP.CD,10224897934.722,"Population, total",SP.POP.TOTL,18504287.0
142,2013,NIGERIA,26762.0,32.0,9838.0,7814.0,2720.0,6359.0,0.15,607.0,NGA,GDP (current US$),NY.GDP.MKTP.CD,508692961937.492,"Population, total",SP.POP.TOTL,171765819.0
143,2013,NIUE,2.0,0.0,2.0,0.0,0.0,0.0,1.04,0.0,,,,,,,
144,2013,NORWAY,15861.0,802.0,10960.0,3582.0,231.0,286.0,3.12,717.0,NOR,GDP (current US$),NY.GDP.MKTP.CD,522761531914.894,"Population, total",SP.POP.TOTL,5079623.0
145,2013,OCCUPIED PALESTINIAN TERRITORY,665.0,0.0,665.0,0.0,0.0,0.0,0.15,0.0,,,,,,,
146,2013,OMAN,16738.0,0.0,2870.0,12455.0,608.0,806.0,4.28,1075.0,OMN,GDP (current US$),NY.GDP.MKTP.CD,89936020806.2419,"Population, total",SP.POP.TOTL,3764805.0
147,2013,PAKISTAN,44812.0,3728.0,18982.0,17886.0,4216.0,0.0,0.25,252.0,PAK,GDP (current US$),NY.GDP.MKTP.CD,231218567178.979,"Population, total",SP.POP.TOTL,191260799.0
148,2013,PALAU,70.0,0.0,70.0,0.0,0.0,0.0,3.36,15.0,PLW,GDP (current US$),NY.GDP.MKTP.CD,221117200.0,"Population, total",SP.POP.TOTL,17603.0
149,2013,PANAMA,2923.0,351.0,2250.0,0.0,322.0,0.0,0.77,3268.0,PAN,GDP (current US$),NY.GDP.MKTP.CD,45599994000.0,"Population, total",SP.POP.TOTL,3835447.0
150,2013,PAPUA NEW GUINEA,1687.0,0.0,1588.0,71.0,27.0,0.0,0.23,54.0,PNG,GDP (current US$),NY.GDP.MKTP.CD,21261432791.2675,"Population, total",SP.POP.TOTL,7788388.0
151,2013,PARAGUAY,1482.0,0.0,1351.0,0.0,131.0,0.0,0.23,27.0,PRY,GDP (current US$),NY.GDP.MKTP.CD,38651334287.6732,"Population, total",SP.POP.TOTL,6510273.0
152,2013,PERU,15586.0,784.0,7097.0,3238.0,1432.0,3036.0,0.51,617.0,PER,GDP (current US$),NY.GDP.MKTP.CD,201175469114.327,"Population, total",SP.POP.TOTL,29773986.0
153,2013,PHILIPPINES,26760.0,10924.0,11257.0,1839.0,2740.0,0.0,0.27,1096.0,PHL,GDP (current US$),NY.GDP.MKTP.CD,283902728260.716,"Population, total",SP.POP.TOTL,98871558.0
154,2013,PLURINATIONAL STATE OF BOLIVIA,5159.0,0.0,2752.0,1934.0,422.0,51.0,0.5,44.0,,,,,,,
155,2013,POLAND,82432.0,56336.0,15528.0,8579.0,1977.0,11.0,2.13,558.0,POL,GDP (current US$),NY.GDP.MKTP.CD,521016262734.924,"Population, total",SP.POP.TOTL,38040196.0
156,2013,PORTUGAL,12388.0,2741.0,6621.0,2346.0,680.0,0.0,1.18,1349.0,PRT,GDP (current US$),NY.GDP.MKTP.CD,226433858005.714,"Population, total",SP.POP.TOTL,10457295.0
157,2013,QATAR,23186.0,0.0,3215.0,18855.0,726.0,389.0,11.03,1700.0,QAT,GDP (current US$),NY.GDP.MKTP.CD,198727642979.297,"Population, total",SP.POP.TOTL,2336579.0
158,2013,REPUBLIC OF CAMEROON,1847.0,0.0,1417.0,239.0,190.0,0.0,0.08,106.0,,,,,,,
159,2013,REPUBLIC OF KOREA,161576.0,80733.0,44671.0,29741.0,6432.0,0.0,3.24,10442.0,,,,,,,
160,2013,REPUBLIC OF MOLDOVA,1363.0,151.0,586.0,470.0,156.0,0.0,0.33,18.0,,,,,,,
161,2013,REPUBLIC OF SOUTH SUDAN,395.0,0.0,395.0,0.0,0.0,0.0,0.03,31.0,,,,,,,
162,2013,REPUBLIC OF SUDAN,4220.0,0.0,3739.0,0.0,481.0,0.0,0.11,180.0,,,,,,,
163,2013,REUNION,1118.0,492.0,572.0,0.0,54.0,0.0,1.32,47.0,,,,,,,
164,2013,ROMANIA,19347.0,6153.0,6036.0,6145.0,1013.0,0.0,0.98,156.0,ROU,GDP (current US$),NY.GDP.MKTP.CD,190801346194.297,"Population, total",SP.POP.TOTL,19983693.0
165,2013,RUSSIAN FEDERATION,485018.0,114984.0,105329.0,246808.0,9044.0,8853.0,3.38,9524.0,RUS,GDP (current US$),NY.GDP.MKTP.CD,2292473246621.08,"Population, total",SP.POP.TOTL,143506995.0
166,2013,RWANDA,219.0,0.0,203.0,0.0,15.0,0.0,0.02,16.0,RWA,GDP (current US$),NY.GDP.MKTP.CD,7815975293.67372,"Population, total",SP.POP.TOTL,10811538.0
167,2013,SAINT HELENA,3.0,0.0,3.0,0.0,0.0,0.0,0.83,0.0,,,,,,,
168,2013,SAINT LUCIA,111.0,0.0,111.0,0.0,0.0,0.0,0.61,5.0,,,,,,,
169,2013,SAINT MARTIN (DUTCH PORTION),195.0,0.0,195.0,0.0,0.0,0.0,5.35,203.0,,,,,,,
170,2013,SAMOA,54.0,0.0,54.0,0.0,0.0,0.0,0.28,9.0,WSM,GDP (current US$),NY.GDP.MKTP.CD,770059564.970021,"Population, total",SP.POP.TOTL,190712.0
171,2013,SAO TOME & PRINCIPE,31.0,0.0,31.0,0.0,0.0,0.0,0.17,9.0,,,,,,,
172,2013,SAUDI ARABIA,147545.0,0.0,98085.0,41812.0,7648.0,0.0,4.89,4526.0,SAU,GDP (current US$),NY.GDP.MKTP.CD,746647127407.619,"Population, total",SP.POP.TOTL,30052058.0
173,2013,SENEGAL,2297.0,224.0,1346.0,20.0,706.0,0.0,0.16,271.0,SEN,GDP (current US$),NY.GDP.MKTP.CD,18918668644.1941,"Population, total",SP.POP.TOTL,13782429.0
174,2013,SERBIA,12240.0,8539.0,2242.0,1166.0,293.0,0.0,1.37,44.0,SRB,GDP (current US$),NY.GDP.MKTP.CD,48394239474.6762,"Population, total",SP.POP.TOTL,7164132.0
175,2013,SEYCHELLES,110.0,0.0,110.0,0.0,0.0,0.0,1.15,158.0,SYC,GDP (current US$),NY.GDP.MKTP.CD,1328089686.37137,"Population, total",SP.POP.TOTL,89949.0
176,2013,SIERRA LEONE,325.0,0.0,282.0,0.0,43.0,0.0,0.05,7.0,SLE,GDP (current US$),NY.GDP.MKTP.CD,4920343194.99339,"Population, total",SP.POP.TOTL,6863975.0
177,2013,SINGAPORE,15183.0,308.0,9324.0,5550.0,0.0,0.0,2.81,42215.0,SGP,GDP (current US$),NY.GDP.MKTP.CD,307576360584.992,"Population, total",SP.POP.TOTL,5399162.0
178,2013,SLOVAKIA,9024.0,3657.0,2090.0,2847.0,424.0,7.0,1.67,34.0,,,,,,,
179,2013,SLOVENIA,3859.0,1441.0,1831.0,432.0,155.0,0.0,1.87,74.0,SVN,GDP (current US$),NY.GDP.MKTP.CD,48415657264.8758,"Population, total",SP.POP.TOTL,2059953.0
180,2013,SOLOMON ISLANDS,55.0,0.0,55.0,0.0,0.0,0.0,0.1,4.0,SLB,GDP (current US$),NY.GDP.MKTP.CD,1284763287.27352,"Population, total",SP.POP.TOTL,571329.0
181,2013,SOMALIA,166.0,0.0,166.0,0.0,0.0,0.0,0.02,57.0,SOM,GDP (current US$),NY.GDP.MKTP.CD,4574495666.99509,"Population, total",SP.POP.TOTL,13063711.0
182,2013,SOUTH AFRICA,127182.0,106634.0,16337.0,2556.0,1655.0,0.0,2.38,3624.0,ZAF,GDP (current US$),NY.GDP.MKTP.CD,400886013595.573,"Population, total",SP.POP.TOTL,53687125.0
183,2013,SPAIN,64640.0,11355.0,35077.0,16341.0,1868.0,0.0,1.39,9324.0,ESP,GDP (current US$),NY.GDP.MKTP.CD,1355142585077.65,"Population, total",SP.POP.TOTL,46620045.0
184,2013,SRI LANKA,4224.0,551.0,3411.0,0.0,262.0,0.0,0.21,524.0,LKA,GDP (current US$),NY.GDP.MKTP.CD,74317806538.3632,"Population, total",SP.POP.TOTL,20585000.0
185,2013,ST. KITTS-NEVIS,61.0,0.0,61.0,0.0,0.0,0.0,1.13,4.0,,,,,,,
186,2013,ST. PIERRE & MIQUELON,20.0,0.0,20.0,0.0,0.0,0.0,3.2,5.0,,,,,,,
187,2013,ST. VINCENT & THE GRENADINES,57.0,0.0,57.0,0.0,0.0,0.0,0.52,0.0,,,,,,,
188,2013,SURINAME,523.0,0.0,502.0,2.0,18.0,1.0,0.98,60.0,SUR,GDP (current US$),NY.GDP.MKTP.CD,5145757575.75758,"Population, total",SP.POP.TOTL,547295.0
189,2013,SWAZILAND,297.0,106.0,191.0,0.0,0.0,0.0,0.24,1.0,,,,,,,
190,2013,SWEDEN,12230.0,2298.0,8988.0,597.0,348.0,0.0,1.27,2064.0,SWE,GDP (current US$),NY.GDP.MKTP.CD,586841821796.891,"Population, total",SP.POP.TOTL,9600379.0
191,2013,SWITZERLAND,10970.0,128.0,8299.0,1925.0,618.0,0.0,1.35,1288.0,CHE,GDP (current US$),NY.GDP.MKTP.CD,712748124222.61,"Population, total",SP.POP.TOTL,8089346.0
192,2013,SYRIAN ARAB REPUBLIC,9937.0,1.0,6431.0,2683.0,544.0,279.0,0.51,403.0,SYR,GDP (current US$),NY.GDP.MKTP.CD,22552466245.3309,"Population, total",SP.POP.TOTL,19578466.0
193,2013,TAIWAN,71022.0,41957.0,18614.0,8201.0,2251.0,0.0,3.04,2917.0,,,,,,,
194,2013,TAJIKISTAN,949.0,239.0,500.0,158.0,52.0,0.0,0.12,30.0,TJK,GDP (current US$),NY.GDP.MKTP.CD,8448469837.53831,"Population, total",SP.POP.TOTL,8059782.0
195,2013,THAILAND,81835.0,18073.0,35244.0,23641.0,4876.0,0.0,1.21,3772.0,THA,GDP (current US$),NY.GDP.MKTP.CD,420333203150.426,"Population, total",SP.POP.TOTL,68144519.0
196,2013,TIMOR-LESTE (FORMERLY EAST TIMOR),120.0,0.0,120.0,0.0,0.0,0.0,0.11,3.0,,,,,,,
197,2013,TOGO,725.0,0.0,470.0,11.0,244.0,0.0,0.1,77.0,TGO,GDP (current US$),NY.GDP.MKTP.CD,4321655656.33177,"Population, total",SP.POP.TOTL,6954721.0
198,2013,TONGA,31.0,0.0,31.0,0.0,0.0,0.0,0.29,1.0,TON,GDP (current US$),NY.GDP.MKTP.CD,450643615.180528,"Population, total",SP.POP.TOTL,101768.0
199,2013,TRINIDAD AND TOBAGO,12692.0,0.0,1374.0,11209.0,109.0,0.0,9.41,709.0,TTO,GDP (current US$),NY.GDP.MKTP.CD,27294453245.3822,"Population, total",SP.POP.TOTL,1353708.0
200,2013,TUNISIA,7545.0,0.0,3108.0,3309.0,1021.0,107.0,0.69,251.0,TUN,GDP (current US$),NY.GDP.MKTP.CD,48684187850.0646,"Population, total",SP.POP.TOTL,10952949.0
201,2013,TURKEY,88566.0,34281.0,21125.0,23456.0,9702.0,1.0,1.16,1908.0,,,,,,,
202,2013,TURKMENISTAN,18199.0,0.0,5211.0,12628.0,360.0,0.0,3.47,389.0,TKM,GDP (current US$),NY.GDP.MKTP.CD,39197543859.6491,"Population, total",SP.POP.TOTL,5366376.0
203,2013,TURKS AND CAICOS ISLANDS,54.0,0.0,54.0,0.0,0.0,0.0,1.64,0.0,TCA,GDP (current US$),NY.GDP.MKTP.CD,754238000.0,"Population, total",SP.POP.TOTL,34733.0
204,2013,TUVALU,3.0,0.0,3.0,0.0,0.0,0.0,0.0,0.0,TUV,GDP (current US$),NY.GDP.MKTP.CD,38617493.7246573,"Population, total",SP.POP.TOTL,10849.0
205,2013,UGANDA,1328.0,125.0,929.0,0.0,275.0,0.0,0.04,79.0,UGA,GDP (current US$),NY.GDP.MKTP.CD,28915786996.5518,"Population, total",SP.POP.TOTL,35694519.0
206,2013,UKRAINE,74141.0,40630.0,7527.0,24643.0,1341.0,0.0,1.64,105.0,UKR,GDP (current US$),NY.GDP.MKTP.CD,190498811460.028,"Population, total",SP.POP.TOTL,45489648.0
207,2013,UNITED ARAB EMIRATES,46552.0,1947.0,4708.0,37226.0,2135.0,536.0,5.15,21260.0,ARE,GDP (current US$),NY.GDP.MKTP.CD,390107528483.058,"Population, total",SP.POP.TOTL,9197908.0
208,2013,UNITED KINGDOM,124966.0,38543.0,43698.0,41024.0,1116.0,586.0,1.95,11111.0,GBR,GDP (current US$),NY.GDP.MKTP.CD,2803291406029.93,"Population, total",SP.POP.TOTL,64128273.0
209,2013,UNITED REPUBLIC OF TANZANIA,3048.0,62.0,2157.0,510.0,319.0,1.0,0.06,159.0,,,,,,,
210,2013,UNITED STATES OF AMERICA,1406916.0,450641.0,562260.0,379659.0,10528.0,3828.0,4.38,31592.0,,,,,,,
211,2013,URUGUAY,2069.0,2.0,1924.0,27.0,116.0,0.0,0.61,257.0,URY,GDP (current US$),NY.GDP.MKTP.CD,57531233350.9101,"Population, total",SP.POP.TOTL,3389436.0
212,2013,UZBEKISTAN,28185.0,1552.0,2216.0,23466.0,951.0,0.0,0.97,0.0,UZB,GDP (current US$),NY.GDP.MKTP.CD,73180036692.3255,"Population, total",SP.POP.TOTL,30243200.0
213,2013,VANUATU,29.0,0.0,29.0,0.0,0.0,0.0,0.12,9.0,VUT,GDP (current US$),NY.GDP.MKTP.CD,758304466.245339,"Population, total",SP.POP.TOTL,256637.0
214,2013,VENEZUELA,50156.0,217.0,28343.0,13240.0,1151.0,7205.0,1.66,1272.0,,,,,,,
215,2013,VIET NAM,40150.0,15359.0,11860.0,5109.0,7822.0,0.0,0.44,752.0,,,,,,,
216,2013,WALLIS AND FUTUNA ISLANDS,6.0,0.0,6.0,0.0,0.0,0.0,0.44,1.0,,,,,,,
217,2013,YEMEN,6953.0,134.0,5811.0,560.0,449.0,0.0,0.27,166.0,,,,,,,
218,2013,ZAMBIA,1079.0,125.0,708.0,0.0,246.0,0.0,0.07,43.0,ZMB,GDP (current US$),NY.GDP.MKTP.CD,28037239462.7142,"Population, total",SP.POP.TOTL,14926551.0
219,2013,ZIMBABWE,3184.0,1902.0,1119.0,0.0,162.0,0.0,0.21,9.0,ZWE,GDP (current US$),NY.GDP.MKTP.CD,19091020000.0,"Population, total",SP.POP.TOTL,13350378.0
220,2014,AFGHANISTAN,2675.0,1194.0,1393.0,74.0,14.0,0.0,0.08,9.0,AFG,GDP (current US$),NY.GDP.MKTP.CD,20497126770.1335,"Population, total",SP.POP.TOTL,33370804.0
221,2014,ALBANIA,1559.0,191.0,1053.0,16.0,299.0,0.0,0.54,23.0,ALB,GDP (current US$),NY.GDP.MKTP.CD,13228147516.1168,"Population, total",SP.POP.TOTL,2889104.0
222,2014,ALGERIA,39651.0,149.0,14422.0,20151.0,2856.0,2073.0,1.02,581.0,DZA,GDP (current US$),NY.GDP.MKTP.CD,213810024944.464,"Population, total",SP.POP.TOTL,38923688.0
223,2014,ANDORRA,126.0,0.0,126.0,0.0,0.0,0.0,1.74,0.0,AND,GDP (current US$),NY.GDP.MKTP.CD,3271685596.66321,"Population, total",SP.POP.TOTL,79213.0
224,2014,ANGOLA,9480.0,0.0,5310.0,158.0,340.0,3672.0,0.39,509.0,AGO,GDP (current US$),NY.GDP.MKTP.CD,137244418012.553,"Population, total",SP.POP.TOTL,26941773.0
225,2014,ANGUILLA,39.0,0.0,39.0,0.0,0.0,0.0,2.66,0.0,,,,,,,
226,2014,ANTIGUA & BARBUDA,145.0,0.0,145.0,0.0,0.0,0.0,1.59,44.0,,,,,,,
227,2014,ARGENTINA,55638.0,1588.0,25685.0,26368.0,1551.0,446.0,1.29,2079.0,ARG,GDP (current US$),NY.GDP.MKTP.CD,526319673731.638,"Population, total",SP.POP.TOTL,42669500.0
228,2014,ARMENIA,1508.0,0.0,234.0,1216.0,58.0,0.0,0.5,34.0,ARM,GDP (current US$),NY.GDP.MKTP.CD,11609512939.7542,"Population, total",SP.POP.TOTL,2912403.0
229,2014,ARUBA,238.0,0.0,238.0,0.0,0.0,0.0,2.3,80.0,ABW,GDP (current US$),NY.GDP.MKTP.CD,2791061452.51397,"Population, total",SP.POP.TOTL,103776.0
230,2014,AUSTRALIA,98517.0,44558.0,32778.0,19800.0,1224.0,157.0,4.17,3754.0,AUS,GDP (current US$),NY.GDP.MKTP.CD,1467504819608.92,"Population, total",SP.POP.TOTL,23475686.0
231,2014,AUSTRIA,16011.0,3129.0,8259.0,4025.0,598.0,0.0,1.88,553.0,AUT,GDP (current US$),NY.GDP.MKTP.CD,442584815286.034,"Population, total",SP.POP.TOTL,8546356.0
232,2014,AZERBAIJAN,10223.0,2.0,3174.0,5782.0,390.0,876.0,1.06,360.0,AZE,GDP (current US$),NY.GDP.MKTP.CD,75244294275.1498,"Population, total",SP.POP.TOTL,9535079.0
233,2014,BAHAMAS,659.0,1.0,657.0,0.0,0.0,0.0,1.72,162.0,,,,,,,
234,2014,BAHRAIN,8546.0,0.0,604.0,7738.0,204.0,0.0,6.28,338.0,BHR,GDP (current US$),NY.GDP.MKTP.CD,33387712765.9574,"Population, total",SP.POP.TOTL,1336073.0
235,2014,BANGLADESH,19959.0,957.0,4154.0,12536.0,2312.0,0.0,0.13,362.0,BGD,GDP (current US$),NY.GDP.MKTP.CD,172885454931.453,"Population, total",SP.POP.TOTL,154517385.0
236,2014,BARBADOS,347.0,0.0,317.0,7.0,22.0,0.0,1.22,27.0,BRB,GDP (current US$),NY.GDP.MKTP.CD,4696344341.64326,"Population, total",SP.POP.TOTL,284825.0
237,2014,BELARUS,17316.0,888.0,5072.0,10592.0,764.0,0.0,1.82,94.0,BLR,GDP (current US$),NY.GDP.MKTP.CD,78813839984.3506,"Population, total",SP.POP.TOTL,9448515.0
238,2014,BELGIUM,25457.0,3215.0,13543.0,7869.0,830.0,0.0,2.27,5889.0,BEL,GDP (current US$),NY.GDP.MKTP.CD,535390200131.018,"Population, total",SP.POP.TOTL,11209057.0
239,2014,BELIZE,135.0,0.0,134.0,1.0,0.0,0.0,0.38,10.0,BLZ,GDP (current US$),NY.GDP.MKTP.CD,1676406801.54095,"Population, total",SP.POP.TOTL,353366.0
240,2014,BENIN,1723.0,51.0,1483.0,0.0,190.0,0.0,0.16,156.0,BEN,GDP (current US$),NY.GDP.MKTP.CD,13284528654.0574,"Population, total",SP.POP.TOTL,10286839.0
241,2014,BERMUDA,157.0,0.0,157.0,0.0,0.0,0.0,2.51,24.0,BMU,GDP (current US$),NY.GDP.MKTP.CD,6413988000.0,"Population, total",SP.POP.TOTL,65138.0
242,2014,BHUTAN,273.0,69.0,111.0,0.0,94.0,0.0,0.36,3.0,BTN,GDP (current US$),NY.GDP.MKTP.CD,1907090813.45906,"Population, total",SP.POP.TOTL,719053.0
243,2014,"BONAIRE, SAINT EUSTATIUS, AND SABA",88.0,0.0,88.0,0.0,0.0,0.0,3.62,190.0,,,,,,,
244,2014,BOSNIA & HERZEGOVINA,6063.0,4738.0,1117.0,95.0,114.0,0.0,1.59,3.0,,,,,,,
245,2014,BOTSWANA,1918.0,1049.0,819.0,0.0,50.0,0.0,0.86,9.0,BWA,GDP (current US$),NY.GDP.MKTP.CD,15654660710.108,"Population, total",SP.POP.TOTL,2088619.0
246,2014,BRAZIL,144480.0,20089.0,92454.0,21297.0,9691.0,949.0,0.7,4895.0,BRA,GDP (current US$),NY.GDP.MKTP.CD,2456043766028.73,"Population, total",SP.POP.TOTL,202763744.0
247,2014,BRITISH VIRGIN ISLANDS,49.0,0.0,49.0,0.0,0.0,0.0,1.64,0.0,VGB,GDP (current US$),NY.GDP.MKTP.CD,,"Population, total",SP.POP.TOTL,28985.0
248,2014,BRUNEI (DARUSSALAM),2484.0,0.0,461.0,1848.0,48.0,127.0,5.95,122.0,,,,,,,
249,2014,BULGARIA,11567.0,6821.0,3018.0,1476.0,252.0,0.0,1.61,211.0,BGR,GDP (current US$),NY.GDP.MKTP.CD,57082011260.3446,"Population, total",SP.POP.TOTL,7223938.0
250,2014,BURKINA FASO,777.0,0.0,722.0,0.0,55.0,0.0,0.04,29.0,BFA,GDP (current US$),NY.GDP.MKTP.CD,13943016923.9017,"Population, total",SP.POP.TOTL,17586029.0
251,2014,BURUNDI,120.0,4.0,106.0,0.0,10.0,0.0,0.01,3.0,BDI,GDP (current US$),NY.GDP.MKTP.CD,2705783272.07443,"Population, total",SP.POP.TOTL,9844301.0
252,2014,CAMBODIA,1823.0,251.0,1382.0,0.0,190.0,0.0,0.12,63.0,KHM,GDP (current US$),NY.GDP.MKTP.CD,16702610842.4025,"Population, total",SP.POP.TOTL,15274506.0
253,2014,CANADA,146494.0,20667.0,67717.0,55436.0,1616.0,1059.0,4.12,914.0,CAN,GDP (current US$),NY.GDP.MKTP.CD,1805749878439.94,"Population, total",SP.POP.TOTL,35437435.0
254,2014,CAPE VERDE,134.0,0.0,134.0,0.0,0.0,0.0,0.26,105.0,,,,,,,
255,2014,CAYMAN ISLANDS,148.0,0.0,148.0,0.0,0.0,0.0,2.5,9.0,CYM,GDP (current US$),NY.GDP.MKTP.CD,4563017851.62436,"Population, total",SP.POP.TOTL,60848.0
256,2014,CENTRAL AFRICAN REPUBLIC,82.0,0.0,82.0,0.0,0.0,0.0,0.02,29.0,CAF,GDP (current US$),NY.GDP.MKTP.CD,1894813504.52945,"Population, total",SP.POP.TOTL,4464171.0
257,2014,CHAD,199.0,0.0,172.0,0.0,27.0,0.0,0.01,15.0,TCD,GDP (current US$),NY.GDP.MKTP.CD,13940768065.6063,"Population, total",SP.POP.TOTL,13663562.0
258,2014,CHILE,22515.0,6989.0,12610.0,2223.0,680.0,13.0,1.27,702.0,CHL,GDP (current US$),NY.GDP.MKTP.CD,259405202008.001,"Population, total",SP.POP.TOTL,17758969.0
259,2014,CHINA (MAINLAND),2806634.0,2026492.0,344725.0,96504.0,338912.0,0.0,2.05,12066.0,,,,,,,
260,2014,COLOMBIA,22932.0,3988.0,10856.0,6186.0,1684.0,218.0,0.48,1636.0,COL,GDP (current US$),NY.GDP.MKTP.CD,381112119657.445,"Population, total",SP.POP.TOTL,46967706.0
261,2014,COMOROS,42.0,0.0,42.0,0.0,0.0,0.0,0.05,3.0,COM,GDP (current US$),NY.GDP.MKTP.CD,1149587651.69395,"Population, total",SP.POP.TOTL,759390.0
262,2014,CONGO,844.0,0.0,658.0,123.0,63.0,0.0,0.19,34.0,,,,,,,
263,2014,COOK ISLANDS,19.0,0.0,19.0,0.0,0.0,0.0,0.93,2.0,,,,,,,
264,2014,COSTA RICA,2116.0,63.0,1849.0,0.0,204.0,0.0,0.44,132.0,CRI,GDP (current US$),NY.GDP.MKTP.CD,52016408950.8936,"Population, total",SP.POP.TOTL,4795390.0
265,2014,COTE D IVOIRE,3012.0,0.0,1627.0,1032.0,354.0,0.0,0.14,96.0,,,,,,,
266,2014,CROATIA,4593.0,670.0,2343.0,1261.0,319.0,0.0,1.08,98.0,HRV,GDP (current US$),NY.GDP.MKTP.CD,58330289756.6914,"Population, total",SP.POP.TOTL,4238389.0
267,2014,CUBA,9500.0,1.0,8655.0,629.0,215.0,0.0,0.83,206.0,CUB,GDP (current US$),NY.GDP.MKTP.CD,80656000000.0,"Population, total",SP.POP.TOTL,11306909.0
268,2014,CURACAO,1604.0,0.0,1604.0,0.0,0.0,0.0,10.3,1446.0,CUW,GDP (current US$),NY.GDP.MKTP.CD,3048435754.18994,"Population, total",SP.POP.TOTL,155909.0
269,2014,CYPRUS,1653.0,3.0,1551.0,0.0,100.0,0.0,1.43,397.0,CYP,GDP (current US$),NY.GDP.MKTP.CD,23156850006.6427,"Population, total",SP.POP.TOTL,1152297.0
270,2014,CZECH REPUBLIC,26309.0,16744.0,5202.0,3861.0,502.0,0.0,2.5,242.0,,,,,,,
271,2014,DEMOCRATIC PEOPLE S REPUBLIC OF KOREA,11052.0,9361.0,712.0,0.0,979.0,0.0,0.44,0.0,,,,,,,
272,2014,DEMOCRATIC REPUBLIC OF THE CONGO (FORMERLY ZAIRE),1274.0,0.0,1228.0,1.0,45.0,0.0,0.02,193.0,,,,,,,
273,2014,DENMARK,9135.0,2468.0,4606.0,1757.0,255.0,50.0,1.62,1383.0,DNK,GDP (current US$),NY.GDP.MKTP.CD,352993631617.708,"Population, total",SP.POP.TOTL,5643475.0
274,2014,DJIBOUTI,197.0,0.0,149.0,0.0,48.0,0.0,0.22,94.0,DJI,GDP (current US$),NY.GDP.MKTP.CD,2214679081.25658,"Population, total",SP.POP.TOTL,898707.0
275,2014,DOMINICA,37.0,0.0,37.0,0.0,0.0,0.0,0.51,2.0,DMA,GDP (current US$),NY.GDP.MKTP.CD,520207407.407407,"Population, total",SP.POP.TOTL,71091.0
276,2014,DOMINICAN REPUBLIC,5874.0,765.0,3938.0,518.0,653.0,0.0,0.56,414.0,DOM,GDP (current US$),NY.GDP.MKTP.CD,67179914026.9623,"Population, total",SP.POP.TOTL,10165182.0
277,2014,ECUADOR,11977.0,0.0,10114.0,548.0,898.0,417.0,0.75,664.0,ECU,GDP (current US$),NY.GDP.MKTP.CD,101726331000.0,"Population, total",SP.POP.TOTL,15951832.0
278,2014,EGYPT,55057.0,408.0,22480.0,25505.0,6664.0,0.0,0.61,1942.0,,,,,,,
279,2014,EL SALVADOR,1714.0,0.0,1578.0,0.0,136.0,0.0,0.28,130.0,SLV,GDP (current US$),NY.GDP.MKTP.CD,22593470000.0,"Population, total",SP.POP.TOTL,6295124.0
280,2014,EQUATORIAL GUINEA,1458.0,0.0,166.0,864.0,0.0,428.0,1.78,30.0,GNQ,GDP (current US$),NY.GDP.MKTP.CD,21765454404.421,"Population, total",SP.POP.TOTL,1122273.0
281,2014,ERITREA,190.0,0.0,149.0,0.0,41.0,0.0,0.04,1.0,ERI,GDP (current US$),NY.GDP.MKTP.CD,,"Population, total",SP.POP.TOTL,
282,2014,ESTONIA,5323.0,4767.0,223.0,272.0,61.0,0.0,4.04,317.0,EST,GDP (current US$),NY.GDP.MKTP.CD,26634083965.0987,"Population, total",SP.POP.TOTL,1314545.0
283,2014,ETHIOPIA,3163.0,232.0,2197.0,0.0,734.0,0.0,0.03,330.0,ETH,GDP (current US$),NY.GDP.MKTP.CD,55612228233.5179,"Population, total",SP.POP.TOTL,98094264.0
284,2014,FAEROE ISLANDS,163.0,0.0,163.0,0.0,0.0,0.0,3.39,20.0,,,,,,,
285,2014,FALKLAND ISLANDS (MALVINAS),15.0,3.0,12.0,0.0,0.0,0.0,5.16,0.0,,,,,,,
286,2014,FEDERATED STATES OF MICRONESIA,41.0,0.0,41.0,0.0,0.0,0.0,0.39,1.0,,,,,,,
287,2014,FIJI,319.0,0.0,293.0,0.0,26.0,0.0,0.36,56.0,FJI,GDP (current US$),NY.GDP.MKTP.CD,4856963229.83999,"Population, total",SP.POP.TOTL,866447.0
288,2014,FINLAND,12899.0,4677.0,6482.0,1570.0,170.0,0.0,2.35,602.0,FIN,GDP (current US$),NY.GDP.MKTP.CD,274862826772.156,"Population, total",SP.POP.TOTL,5461512.0
289,2014,FRANCE (INCLUDING MONACO),82704.0,9419.0,50615.0,20358.0,2312.0,0.0,1.29,6306.0,,,,,,,
290,2014,FRENCH GUIANA,200.0,0.0,188.0,0.0,12.0,0.0,0.76,33.0,,,,,,,
291,2014,FRENCH POLYNESIA,219.0,0.0,219.0,0.0,0.0,0.0,0.78,45.0,PYF,GDP (current US$),NY.GDP.MKTP.CD,,"Population, total",SP.POP.TOTL,271713.0
292,2014,GABON,1416.0,0.0,749.0,173.0,23.0,471.0,0.84,211.0,GAB,GDP (current US$),NY.GDP.MKTP.CD,18203968001.8908,"Population, total",SP.POP.TOTL,1883801.0
293,2014,GAMBIA,140.0,0.0,138.0,1.0,0.0,0.0,0.07,12.0,,,,,,,
294,2014,GEORGIA,2451.0,310.0,774.0,1145.0,221.0,0.0,0.61,68.0,GEO,GDP (current US$),NY.GDP.MKTP.CD,17627003454.7205,"Population, total",SP.POP.TOTL,3719414.0
295,2014,GERMANY,196314.0,84098.0,68263.0,39582.0,4365.0,5.0,2.43,8706.0,DEU,GDP (current US$),NY.GDP.MKTP.CD,3889093051023.52,"Population, total",SP.POP.TOTL,80982500.0
296,2014,GHANA,3945.0,0.0,3188.0,349.0,408.0,0.0,0.15,104.0,GHA,GDP (current US$),NY.GDP.MKTP.CD,54782847752.5375,"Population, total",SP.POP.TOTL,27224480.0
297,2014,GIBRALTAR,144.0,0.0,144.0,0.0,0.0,0.0,4.5,2509.0,GIB,GDP (current US$),NY.GDP.MKTP.CD,,"Population, total",SP.POP.TOTL,33726.0
298,2014,GREECE,18358.0,7203.0,8906.0,1552.0,697.0,0.0,1.67,2301.0,GRC,GDP (current US$),NY.GDP.MKTP.CD,235458133124.608,"Population, total",SP.POP.TOTL,10892413.0
299,2014,GREENLAND,138.0,0.0,138.0,0.0,0.0,0.0,2.46,15.0,GRL,GDP (current US$),NY.GDP.MKTP.CD,2842048997.77283,"Population, total",SP.POP.TOTL,56295.0
300,2014,GRENADA,66.0,0.0,66.0,0.0,0.0,0.0,0.62,4.0,GRD,GDP (current US$),NY.GDP.MKTP.CD,911497407.407407,"Population, total",SP.POP.TOTL,108900.0
301,2014,GUADELOUPE,700.0,145.0,514.0,0.0,41.0,0.0,1.5,93.0,,,,,,,
302,2014,GUATEMALA,4998.0,521.0,4000.0,0.0,476.0,0.0,0.31,311.0,GTM,GDP (current US$),NY.GDP.MKTP.CD,57852399963.7878,"Population, total",SP.POP.TOTL,15306316.0
303,2014,GUINEA,668.0,0.0,599.0,0.0,68.0,0.0,0.05,21.0,GIN,GDP (current US$),NY.GDP.MKTP.CD,8778473614.54728,"Population, total",SP.POP.TOTL,11150970.0
304,2014,GUINEA BISSAU,74.0,0.0,74.0,0.0,0.0,0.0,0.04,10.0,,,,,,,
305,2014,GUYANA,548.0,0.0,548.0,0.0,0.0,0.0,0.72,8.0,GUY,GDP (current US$),NY.GDP.MKTP.CD,4127659492.02031,"Population, total",SP.POP.TOTL,763371.0
306,2014,HAITI,780.0,0.0,739.0,0.0,41.0,0.0,0.07,29.0,HTI,GDP (current US$),NY.GDP.MKTP.CD,15139264670.4225,"Population, total",SP.POP.TOTL,10549007.0
307,2014,HONDURAS,2583.0,145.0,2207.0,0.0,231.0,0.0,0.32,57.0,HND,GDP (current US$),NY.GDP.MKTP.CD,19756494434.7031,"Population, total",SP.POP.TOTL,8955579.0
308,2014,HONG KONG SPECIAL ADMINSTRATIVE REGION OF CHINA,12605.0,8420.0,2659.0,1268.0,258.0,0.0,1.74,12769.0,,,,,,,
309,2014,HUNGARY,11477.0,2400.0,4431.0,4361.0,286.0,0.0,1.16,146.0,HUN,GDP (current US$),NY.GDP.MKTP.CD,141078984816.675,"Population, total",SP.POP.TOTL,9866468.0
310,2014,ICELAND,541.0,90.0,451.0,0.0,0.0,0.0,1.65,171.0,ISL,GDP (current US$),NY.GDP.MKTP.CD,17867662177.8911,"Population, total",SP.POP.TOTL,327386.0
311,2014,INDIA,610411.0,407077.0,140199.0,25278.0,37400.0,457.0,0.47,4396.0,IND,GDP (current US$),NY.GDP.MKTP.CD,2039127446298.55,"Population, total",SP.POP.TOTL,1295600768.0
312,2014,INDONESIA,126582.0,33370.0,63677.0,17035.0,7888.0,4612.0,0.5,1356.0,IDN,GDP (current US$),NY.GDP.MKTP.CD,890814755233.225,"Population, total",SP.POP.TOTL,255128076.0
313,2014,IRAQ,45935.0,0.0,33962.0,3448.0,1768.0,6757.0,1.3,611.0,IRQ,GDP (current US$),NY.GDP.MKTP.CD,228415656174.957,"Population, total",SP.POP.TOTL,34411949.0
314,2014,IRELAND,9290.0,2114.0,4580.0,2325.0,272.0,0.0,1.99,711.0,IRL,GDP (current US$),NY.GDP.MKTP.CD,258969649063.72,"Population, total",SP.POP.TOTL,4657740.0
315,2014,ISLAMIC REPUBLIC OF IRAN,177115.0,900.0,66662.0,91127.0,8976.0,9450.0,2.27,4218.0,,,,,,,
316,2014,ISRAEL,17617.0,6775.0,6013.0,3930.0,898.0,0.0,2.22,1011.0,ISR,GDP (current US$),NY.GDP.MKTP.CD,310944937638.436,"Population, total",SP.POP.TOTL,8215700.0
317,2014,ITALY (INCLUDING SAN MARINO),87377.0,13532.0,39265.0,31670.0,2910.0,0.0,1.46,4265.0,,,,,,,
318,2014,JAMAICA,2024.0,75.0,1835.0,0.0,113.0,0.0,0.73,182.0,JAM,GDP (current US$),NY.GDP.MKTP.CD,13899228824.2161,"Population, total",SP.POP.TOTL,2875137.0
319,2014,JAPAN,331074.0,122461.0,133395.0,67342.0,7876.0,0.0,2.61,8123.0,JPN,GDP (current US$),NY.GDP.MKTP.CD,4896994405353.29,"Population, total",SP.POP.TOTL,127276000.0
320,2014,JORDAN,7213.0,375.0,6057.0,169.0,612.0,0.0,0.97,110.0,JOR,GDP (current US$),NY.GDP.MKTP.CD,36847643521.1268,"Population, total",SP.POP.TOTL,8918822.0
321,2014,KAZAKHSTAN,67716.0,38375.0,8819.0,19438.0,1085.0,0.0,3.9,193.0,KAZ,GDP (current US$),NY.GDP.MKTP.CD,221415572819.5,"Population, total",SP.POP.TOTL,17288285.0
322,2014,KENYA,3896.0,340.0,2796.0,0.0,759.0,0.0,0.09,194.0,KEN,GDP (current US$),NY.GDP.MKTP.CD,68285768554.472,"Population, total",SP.POP.TOTL,46700063.0
323,2014,KIRIBATI,17.0,0.0,17.0,0.0,0.0,0.0,0.15,3.0,KIR,GDP (current US$),NY.GDP.MKTP.CD,177862310.350122,"Population, total",SP.POP.TOTL,109387.0
324,2014,KUWAIT,26018.0,0.0,15952.0,9433.0,517.0,116.0,6.93,1585.0,KWT,GDP (current US$),NY.GDP.MKTP.CD,162631412508.784,"Population, total",SP.POP.TOTL,3690939.0
325,2014,KYRGYZSTAN,2620.0,1229.0,1016.0,141.0,235.0,0.0,0.45,3.0,,,,,,,
326,2014,LAO PEOPLE S DEMOCRATIC REPUBLIC,533.0,84.0,122.0,0.0,326.0,0.0,0.08,9.0,,,,,,,
327,2014,LATVIA,1902.0,62.0,1002.0,676.0,163.0,0.0,0.96,292.0,LVA,GDP (current US$),NY.GDP.MKTP.CD,31386896487.0407,"Population, total",SP.POP.TOTL,1993782.0
328,2014,LEBANON,6564.0,171.0,5643.0,0.0,750.0,0.0,1.17,222.0,LBN,GDP (current US$),NY.GDP.MKTP.CD,48095213746.4677,"Population, total",SP.POP.TOTL,6261046.0
329,2014,LESOTHO,673.0,507.0,167.0,0.0,0.0,0.0,0.32,0.0,LSO,GDP (current US$),NY.GDP.MKTP.CD,2441053175.70743,"Population, total",SP.POP.TOTL,2043448.0
330,2014,LIBERIA,255.0,0.0,215.0,0.0,40.0,0.0,0.06,19.0,LBR,GDP (current US$),NY.GDP.MKTP.CD,3225652000.0,"Population, total",SP.POP.TOTL,4359508.0
331,2014,LIBYAN ARAB JAMAHIRIYAH,15543.0,0.0,9885.0,3031.0,272.0,2355.0,2.48,183.0,,,,,,,
332,2014,LIECHTENSTEIN,12.0,0.0,0.0,12.0,0.0,0.0,0.31,0.0,LIE,GDP (current US$),NY.GDP.MKTP.CD,6657170923.37918,"Population, total",SP.POP.TOTL,37219.0
333,2014,LITHUANIA,3501.0,237.0,1852.0,1289.0,123.0,0.0,1.2,74.0,LTU,GDP (current US$),NY.GDP.MKTP.CD,48533659592.1728,"Population, total",SP.POP.TOTL,2932367.0
334,2014,LUXEMBOURG,2634.0,55.0,1903.0,527.0,150.0,0.0,4.73,337.0,LUX,GDP (current US$),NY.GDP.MKTP.CD,68804811897.6445,"Population, total",SP.POP.TOTL,556319.0
335,2014,MACAU SPECIAL ADMINSTRATIVE REGION OF CHINA,350.0,0.0,320.0,31.0,0.0,0.0,0.61,56.0,,,,,,,
336,2014,MACEDONIA,2048.0,1177.0,709.0,69.0,93.0,0.0,0.99,10.0,,,,,,,
337,2014,MADAGASCAR,839.0,278.0,527.0,0.0,33.0,0.0,0.04,64.0,MDG,GDP (current US$),NY.GDP.MKTP.CD,12522957228.1764,"Population, total",SP.POP.TOTL,23589897.0
338,2014,MALAWI,348.0,55.0,232.0,0.0,61.0,0.0,0.02,6.0,MWI,GDP (current US$),NY.GDP.MKTP.CD,6047813437.31804,"Population, total",SP.POP.TOTL,16289550.0
339,2014,MALAYSIA,66218.0,15793.0,24442.0,21399.0,2992.0,1591.0,2.21,2271.0,MYS,GDP (current US$),NY.GDP.MKTP.CD,338061963396.376,"Population, total",SP.POP.TOTL,29866606.0
340,2014,MALDIVES,364.0,0.0,364.0,0.0,0.0,0.0,1.02,204.0,MDV,GDP (current US$),NY.GDP.MKTP.CD,3697351596.83753,"Population, total",SP.POP.TOTL,435018.0
341,2014,MALI,385.0,0.0,385.0,0.0,0.0,0.0,0.02,20.0,MLI,GDP (current US$),NY.GDP.MKTP.CD,14364937127.7002,"Population, total",SP.POP.TOTL,16934213.0
342,2014,MALTA,640.0,0.0,640.0,0.0,0.0,0.0,1.53,1166.0,MLT,GDP (current US$),NY.GDP.MKTP.CD,11626281387.0068,"Population, total",SP.POP.TOTL,434558.0
343,2014,MARSHALL ISLANDS,28.0,0.0,28.0,0.0,0.0,0.0,0.52,0.0,MHL,GDP (current US$),NY.GDP.MKTP.CD,182142800.0,"Population, total",SP.POP.TOTL,57183.0
344,2014,MARTINIQUE,627.0,0.0,607.0,0.0,20.0,0.0,1.58,124.0,,,,,,,
345,2014,MAURITANIA,739.0,0.0,634.0,0.0,105.0,0.0,0.19,25.0,MRT,GDP (current US$),NY.GDP.MKTP.CD,6592537781.81518,"Population, total",SP.POP.TOTL,3930894.0
346,2014,MAURITIUS,1153.0,474.0,680.0,0.0,0.0,0.0,0.91,351.0,MUS,GDP (current US$),NY.GDP.MKTP.CD,12803445933.5894,"Population, total",SP.POP.TOTL,1260934.0
347,2014,MEXICO,130971.0,13358.0,73374.0,37801.0,4760.0,1678.0,1.04,3300.0,MEX,GDP (current US$),NY.GDP.MKTP.CD,1315351183524.54,"Population, total",SP.POP.TOTL,120355137.0
348,2014,MONGOLIA,5683.0,4702.0,925.0,0.0,56.0,0.0,1.95,0.0,MNG,GDP (current US$),NY.GDP.MKTP.CD,12226514722.0861,"Population, total",SP.POP.TOTL,2940111.0
349,2014,MONTENEGRO,603.0,387.0,216.0,0.0,0.0,0.0,0.96,15.0,MNE,GDP (current US$),NY.GDP.MKTP.CD,4593852089.0956,"Population, total",SP.POP.TOTL,621810.0
350,2014,MONTSERRAT,13.0,0.0,13.0,0.0,0.0,0.0,2.63,1.0,,,,,,,
351,2014,MOROCCO,16325.0,4176.0,9384.0,629.0,2137.0,0.0,0.47,656.0,MAR,GDP (current US$),NY.GDP.MKTP.CD,110081248587.369,"Population, total",SP.POP.TOTL,34192358.0
352,2014,MOZAMBIQUE,2298.0,225.0,1507.0,362.0,204.0,0.0,0.08,103.0,MOZ,GDP (current US$),NY.GDP.MKTP.CD,17716091057.2675,"Population, total",SP.POP.TOTL,26286192.0
353,2014,MYANMAR (FORMERLY BURMA),5899.0,390.0,4008.0,1318.0,179.0,4.0,0.11,34.0,,,,,,,
354,2014,NAMIBIA,1024.0,19.0,907.0,0.0,99.0,0.0,0.43,40.0,NAM,GDP (current US$),NY.GDP.MKTP.CD,12435416060.2791,"Population, total",SP.POP.TOTL,2273426.0
355,2014,NAURU,13.0,0.0,13.0,0.0,0.0,0.0,1.32,4.0,NRU,GDP (current US$),NY.GDP.MKTP.CD,104654365.188653,"Population, total",SP.POP.TOTL,10289.0
356,2014,NEPAL,2190.0,501.0,1267.0,0.0,422.0,0.0,0.08,119.0,NPL,GDP (current US$),NY.GDP.MKTP.CD,22731602969.9687,"Population, total",SP.POP.TOTL,26905982.0
357,2014,NETHERLANDS,45624.0,9070.0,18272.0,18010.0,272.0,0.0,2.7,14210.0,NLD,GDP (current US$),NY.GDP.MKTP.CD,892167986713.722,"Population, total",SP.POP.TOTL,16865008.0
358,2014,NEW CALEDONIA,1170.0,426.0,729.0,0.0,14.0,0.0,4.5,9.0,NCL,GDP (current US$),NY.GDP.MKTP.CD,10635039738.6899,"Population, total",SP.POP.TOTL,268050.0
359,2014,NEW ZEALAND,9453.0,1505.0,5014.0,2744.0,150.0,39.0,2.1,918.0,NZL,GDP (current US$),NY.GDP.MKTP.CD,201313497220.917,"Population, total",SP.POP.TOTL,4516500.0
360,2014,NICARAGUA,1326.0,0.0,1231.0,0.0,95.0,0.0,0.22,19.0,NIC,GDP (current US$),NY.GDP.MKTP.CD,11880434070.7811,"Population, total",SP.POP.TOTL,6142734.0
361,2014,NIGER,580.0,98.0,480.0,0.0,3.0,0.0,0.03,25.0,NER,GDP (current US$),NY.GDP.MKTP.CD,10862944203.5591,"Population, total",SP.POP.TOTL,19240182.0
362,2014,NIGERIA,26256.0,33.0,8830.0,9035.0,2720.0,5637.0,0.15,581.0,NGA,GDP (current US$),NY.GDP.MKTP.CD,546676374567.721,"Population, total",SP.POP.TOTL,176404931.0
363,2014,NIUE,3.0,0.0,3.0,0.0,0.0,0.0,1.56,0.0,,,,,,,
364,2014,NORWAY,12988.0,879.0,8542.0,3085.0,231.0,251.0,2.52,545.0,NOR,GDP (current US$),NY.GDP.MKTP.CD,498410050251.256,"Population, total",SP.POP.TOTL,5137232.0
365,2014,OCCUPIED PALESTINIAN TERRITORY,774.0,0.0,774.0,0.0,0.0,0.0,0.17,0.0,,,,,,,
366,2014,OMAN,16681.0,0.0,2904.0,12272.0,680.0,824.0,3.94,1442.0,OMN,GDP (current US$),NY.GDP.MKTP.CD,92699089726.9181,"Population, total",SP.POP.TOTL,4027255.0
367,2014,PAKISTAN,45350.0,3535.0,19726.0,17736.0,4352.0,0.0,0.25,263.0,PAK,GDP (current US$),NY.GDP.MKTP.CD,244360888750.807,"Population, total",SP.POP.TOTL,195305012.0
368,2014,PALAU,71.0,0.0,71.0,0.0,0.0,0.0,3.37,15.0,PLW,GDP (current US$),NY.GDP.MKTP.CD,241669800.0,"Population, total",SP.POP.TOTL,17625.0
369,2014,PANAMA,2400.0,354.0,1748.0,0.0,298.0,0.0,0.62,3086.0,PAN,GDP (current US$),NY.GDP.MKTP.CD,49921464400.0,"Population, total",SP.POP.TOTL,3901311.0
370,2014,PAPUA NEW GUINEA,1723.0,0.0,1628.0,67.0,27.0,0.0,0.23,49.0,PNG,GDP (current US$),NY.GDP.MKTP.CD,23210682538.3928,"Population, total",SP.POP.TOTL,7946733.0
371,2014,PARAGUAY,1555.0,0.0,1419.0,0.0,136.0,0.0,0.24,32.0,PRY,GDP (current US$),NY.GDP.MKTP.CD,40377987208.689,"Population, total",SP.POP.TOTL,6599524.0
372,2014,PERU,16838.0,780.0,7089.0,4512.0,1452.0,3005.0,0.54,681.0,PER,GDP (current US$),NY.GDP.MKTP.CD,200789362451.567,"Population, total",SP.POP.TOTL,30090372.0
373,2014,PHILIPPINES,28812.0,11662.0,12224.0,1934.0,2992.0,0.0,0.29,980.0,PHL,GDP (current US$),NY.GDP.MKTP.CD,297483247101.038,"Population, total",SP.POP.TOTL,100513137.0
374,2014,PLURINATIONAL STATE OF BOLIVIA,5566.0,0.0,2897.0,2142.0,476.0,51.0,0.53,50.0,,,,,,,
375,2014,POLAND,77922.0,52194.0,15261.0,8372.0,2089.0,6.0,2.02,613.0,POL,GDP (current US$),NY.GDP.MKTP.CD,542477096211.761,"Population, total",SP.POP.TOTL,38011735.0
376,2014,PORTUGAL,12286.0,2761.0,6608.0,2169.0,748.0,0.0,1.18,1359.0,PRT,GDP (current US$),NY.GDP.MKTP.CD,229901964221.884,"Population, total",SP.POP.TOTL,10401062.0
377,2014,QATAR,29412.0,0.0,1499.0,26725.0,816.0,372.0,13.54,1072.0,QAT,GDP (current US$),NY.GDP.MKTP.CD,206224598564.624,"Population, total",SP.POP.TOTL,2459202.0
378,2014,REPUBLIC OF CAMEROON,1910.0,0.0,1386.0,347.0,177.0,0.0,0.08,112.0,,,,,,,
379,2014,REPUBLIC OF KOREA,160119.0,84161.0,42616.0,26942.0,6399.0,0.0,3.2,10570.0,,,,,,,
380,2014,REPUBLIC OF MOLDOVA,1345.0,94.0,595.0,478.0,177.0,0.0,0.33,21.0,,,,,,,
381,2014,REPUBLIC OF SOUTH SUDAN,408.0,0.0,408.0,0.0,0.0,0.0,0.03,32.0,,,,,,,
382,2014,REPUBLIC OF SUDAN,4190.0,0.0,3717.0,0.0,473.0,0.0,0.11,226.0,,,,,,,
383,2014,REUNION,1138.0,463.0,620.0,0.0,54.0,0.0,1.33,49.0,,,,,,,
384,2014,ROMANIA,19090.0,6126.0,6042.0,5849.0,1074.0,0.0,0.97,220.0,ROU,GDP (current US$),NY.GDP.MKTP.CD,199959363430.073,"Population, total",SP.POP.TOTL,19908979.0
385,2014,RUSSIAN FEDERATION,465052.0,110403.0,107368.0,232204.0,9322.0,5755.0,3.24,17585.0,RUS,GDP (current US$),NY.GDP.MKTP.CD,2059241965490.83,"Population, total",SP.POP.TOTL,143819667.0
386,2014,RWANDA,229.0,0.0,210.0,0.0,19.0,0.0,0.02,17.0,RWA,GDP (current US$),NY.GDP.MKTP.CD,8234762201.03869,"Population, total",SP.POP.TOTL,11083629.0
387,2014,SAINT HELENA,3.0,0.0,3.0,0.0,0.0,0.0,0.84,0.0,,,,,,,
388,2014,SAINT LUCIA,111.0,0.0,111.0,0.0,0.0,0.0,0.61,5.0,,,,,,,
389,2014,SAINT MARTIN (DUTCH PORTION),200.0,0.0,200.0,0.0,0.0,0.0,5.31,205.0,,,,,,,
390,2014,SAMOA,54.0,0.0,54.0,0.0,0.0,0.0,0.28,9.0,WSM,GDP (current US$),NY.GDP.MKTP.CD,756805950.228193,"Population, total",SP.POP.TOTL,192220.0
391,2014,SAO TOME & PRINCIPE,31.0,0.0,31.0,0.0,0.0,0.0,0.17,9.0,,,,,,,
392,2014,SAUDI ARABIA,163907.0,0.0,112689.0,43430.0,7782.0,5.0,5.31,4718.0,SAU,GDP (current US$),NY.GDP.MKTP.CD,756350347320.381,"Population, total",SP.POP.TOTL,30916603.0
393,2014,SENEGAL,2415.0,235.0,1493.0,21.0,666.0,0.0,0.16,284.0,SEN,GDP (current US$),NY.GDP.MKTP.CD,19797254643.1212,"Population, total",SP.POP.TOTL,14174740.0
394,2014,SERBIA,10272.0,6721.0,2242.0,1005.0,304.0,0.0,1.16,70.0,SRB,GDP (current US$),NY.GDP.MKTP.CD,47062206677.6539,"Population, total",SP.POP.TOTL,7130576.0
395,2014,SEYCHELLES,135.0,0.0,135.0,0.0,0.0,0.0,1.41,155.0,SYC,GDP (current US$),NY.GDP.MKTP.CD,1387577763.19196,"Population, total",SP.POP.TOTL,91359.0
396,2014,SIERRA LEONE,357.0,0.0,311.0,0.0,46.0,0.0,0.06,7.0,SLE,GDP (current US$),NY.GDP.MKTP.CD,5015157815.73406,"Population, total",SP.POP.TOTL,7017153.0
397,2014,SINGAPORE,15373.0,456.0,9118.0,5800.0,0.0,0.0,2.79,42028.0,SGP,GDP (current US$),NY.GDP.MKTP.CD,314851156183.411,"Population, total",SP.POP.TOTL,5469724.0
398,2014,SLOVAKIA,8366.0,3624.0,1932.0,2356.0,451.0,3.0,1.54,29.0,,,,,,,
399,2014,SLOVENIA,3494.0,1136.0,1788.0,391.0,180.0,0.0,1.69,71.0,SVN,GDP (current US$),NY.GDP.MKTP.CD,49997186439.0916,"Population, total",SP.POP.TOTL,2061980.0
400,2014,SOLOMON ISLANDS,55.0,0.0,55.0,0.0,0.0,0.0,0.1,4.0,SLB,GDP (current US$),NY.GDP.MKTP.CD,1335584911.8002,"Population, total",SP.POP.TOTL,587079.0
401,2014,SOMALIA,166.0,0.0,166.0,0.0,0.0,0.0,0.02,57.0,SOM,GDP (current US$),NY.GDP.MKTP.CD,5021956321.12103,"Population, total",SP.POP.TOTL,13423571.0
402,2014,SOUTH AFRICA,133562.0,113068.0,16448.0,2404.0,1642.0,0.0,2.47,2945.0,ZAF,GDP (current US$),NY.GDP.MKTP.CD,381198869776.106,"Population, total",SP.POP.TOTL,54544184.0
403,2014,SPAIN,63806.0,11852.0,35189.0,14781.0,1984.0,0.0,1.38,9892.0,ESP,GDP (current US$),NY.GDP.MKTP.CD,1371222712535.68,"Population, total",SP.POP.TOTL,46480882.0
404,2014,SRI LANKA,5016.0,1059.0,3701.0,0.0,256.0,0.0,0.24,681.0,LKA,GDP (current US$),NY.GDP.MKTP.CD,79356449840.5771,"Population, total",SP.POP.TOTL,20778000.0
405,2014,ST. KITTS-NEVIS,63.0,0.0,63.0,0.0,0.0,0.0,1.14,4.0,,,,,,,
406,2014,ST. PIERRE & MIQUELON,21.0,0.0,21.0,0.0,0.0,0.0,3.33,5.0,,,,,,,
407,2014,ST. VINCENT & THE GRENADINES,57.0,0.0,57.0,0.0,0.0,0.0,0.52,0.0,,,,,,,
408,2014,SURINAME,543.0,0.0,522.0,2.0,18.0,1.0,1.01,66.0,SUR,GDP (current US$),NY.GDP.MKTP.CD,5240606060.60606,"Population, total",SP.POP.TOTL,553278.0
409,2014,SWAZILAND,328.0,131.0,197.0,0.0,0.0,0.0,0.26,1.0,,,,,,,
410,2014,SWEDEN,11841.0,2183.0,8822.0,496.0,340.0,0.0,1.22,2107.0,SWE,GDP (current US$),NY.GDP.MKTP.CD,581964017237.095,"Population, total",SP.POP.TOTL,9696110.0
411,2014,SWITZERLAND,9628.0,148.0,7230.0,1668.0,583.0,0.0,1.17,1312.0,CHE,GDP (current US$),NY.GDP.MKTP.CD,734396591036.932,"Population, total",SP.POP.TOTL,8188649.0
412,2014,SYRIAN ARAB REPUBLIC,8373.0,1.0,5198.0,2480.0,517.0,178.0,0.45,219.0,SYR,GDP (current US$),NY.GDP.MKTP.CD,22075987601.9306,"Population, total",SP.POP.TOTL,18710711.0
413,2014,TAIWAN,72013.0,42516.0,18985.0,8526.0,1985.0,0.0,3.08,3046.0,,,,,,,
414,2014,TAJIKISTAN,1415.0,404.0,689.0,166.0,156.0,0.0,0.17,52.0,TJK,GDP (current US$),NY.GDP.MKTP.CD,9112544556.05962,"Population, total",SP.POP.TOTL,8252828.0
415,2014,THAILAND,86232.0,16612.0,41230.0,23633.0,4757.0,0.0,1.27,3980.0,THA,GDP (current US$),NY.GDP.MKTP.CD,407339454060.678,"Population, total",SP.POP.TOTL,68438748.0
416,2014,TIMOR-LESTE (FORMERLY EAST TIMOR),128.0,0.0,128.0,0.0,0.0,0.0,0.11,3.0,,,,,,,
417,2014,TOGO,715.0,0.0,467.0,20.0,228.0,0.0,0.1,81.0,TGO,GDP (current US$),NY.GDP.MKTP.CD,4574986536.90791,"Population, total",SP.POP.TOTL,7137997.0
418,2014,TONGA,33.0,0.0,33.0,0.0,0.0,0.0,0.31,3.0,TON,GDP (current US$),NY.GDP.MKTP.CD,439878828.008608,"Population, total",SP.POP.TOTL,101023.0
419,2014,TRINIDAD AND TOBAGO,12619.0,0.0,1243.0,11262.0,114.0,0.0,9.32,575.0,TTO,GDP (current US$),NY.GDP.MKTP.CD,27642525749.3456,"Population, total",SP.POP.TOTL,1362337.0
420,2014,TUNISIA,7862.0,0.0,3235.0,3291.0,1241.0,96.0,0.71,239.0,TUN,GDP (current US$),NY.GDP.MKTP.CD,50271072627.6727,"Population, total",SP.POP.TOTL,11063195.0
421,2014,TURKEY,94350.0,37875.0,21662.0,25111.0,9701.0,0.0,1.22,3054.0,,,,,,,
422,2014,TURKMENISTAN,18659.0,0.0,5453.0,12812.0,394.0,0.0,3.52,402.0,TKM,GDP (current US$),NY.GDP.MKTP.CD,43524210526.3158,"Population, total",SP.POP.TOTL,5466324.0
423,2014,TURKS AND CAICOS ISLANDS,56.0,0.0,56.0,0.0,0.0,0.0,1.66,0.0,TCA,GDP (current US$),NY.GDP.MKTP.CD,841070000.0,"Population, total",SP.POP.TOTL,35371.0
424,2014,TUVALU,3.0,0.0,3.0,0.0,0.0,0.0,0.0,0.0,TUV,GDP (current US$),NY.GDP.MKTP.CD,38759689.9224806,"Population, total",SP.POP.TOTL,10973.0
425,2014,UGANDA,1426.0,125.0,1011.0,0.0,291.0,0.0,0.04,98.0,UGA,GDP (current US$),NY.GDP.MKTP.CD,32612397758.4579,"Population, total",SP.POP.TOTL,36911530.0
426,2014,UKRAINE,61985.0,31649.0,8151.0,20874.0,1310.0,0.0,1.38,109.0,UKR,GDP (current US$),NY.GDP.MKTP.CD,133503411375.739,"Population, total",SP.POP.TOTL,45272155.0
427,2014,UNITED ARAB EMIRATES,57641.0,2157.0,17922.0,34852.0,2176.0,534.0,6.34,17317.0,ARE,GDP (current US$),NY.GDP.MKTP.CD,403137207534.971,"Population, total",SP.POP.TOTL,9214182.0
428,2014,UNITED KINGDOM,114486.0,31081.0,44274.0,37340.0,1218.0,573.0,1.78,10921.0,GBR,GDP (current US$),NY.GDP.MKTP.CD,3087165602962.86,"Population, total",SP.POP.TOTL,64602298.0
429,2014,UNITED REPUBLIC OF TANZANIA,3153.0,178.0,2117.0,475.0,382.0,1.0,0.06,170.0,,,,,,,
430,2014,UNITED STATES OF AMERICA,1432855.0,450047.0,576531.0,390719.0,11314.0,4244.0,4.43,30722.0,,,,,,,
431,2014,URUGUAY,1840.0,2.0,1700.0,25.0,112.0,0.0,0.54,251.0,URY,GDP (current US$),NY.GDP.MKTP.CD,57236013086.1223,"Population, total",SP.POP.TOTL,3400439.0
432,2014,UZBEKISTAN,28692.0,1677.0,2086.0,23929.0,1000.0,0.0,0.97,0.0,UZB,GDP (current US$),NY.GDP.MKTP.CD,80845384375.1236,"Population, total",SP.POP.TOTL,30757700.0
433,2014,VANUATU,42.0,0.0,42.0,0.0,0.0,0.0,0.16,10.0,VUT,GDP (current US$),NY.GDP.MKTP.CD,772315721.265827,"Population, total",SP.POP.TOTL,263888.0
434,2014,VENEZUELA,50510.0,204.0,28445.0,12731.0,1088.0,8042.0,1.65,1256.0,,,,,,,
435,2014,VIET NAM,45517.0,19246.0,12694.0,5349.0,8229.0,0.0,0.49,761.0,,,,,,,
436,2014,WALLIS AND FUTUNA ISLANDS,6.0,0.0,6.0,0.0,0.0,0.0,0.44,1.0,,,,,,,
437,2014,YEMEN,6190.0,137.0,5090.0,581.0,381.0,0.0,0.24,153.0,,,,,,,
438,2014,ZAMBIA,1228.0,132.0,797.0,0.0,299.0,0.0,0.08,33.0,ZMB,GDP (current US$),NY.GDP.MKTP.CD,27141023558.0829,"Population, total",SP.POP.TOTL,15399793.0
439,2014,ZIMBABWE,3278.0,2097.0,1005.0,0.0,177.0,0.0,0.22,9.0,ZWE,GDP (current US$),NY.GDP.MKTP.CD,19495519600.0,"Population, total",SP.POP.TOTL,13586710.0
440,2013,AFRICA EASTERN AND SOUTHERN,,,,,,,,,AFE,GDP (current US$),NY.GDP.MKTP.CD,983937046710.893,"Population, total",SP.POP.TOTL,562601578.0
441,2013,AFRICA WESTERN AND CENTRAL,,,,,,,,,AFW,GDP (current US$),NY.GDP.MKTP.CD,820792700049.506,"Population, total",SP.POP.TOTL,380437896.0
442,2013,ARAB WORLD,,,,,,,,,ARB,GDP (current US$),NY.GDP.MKTP.CD,2834607141427.39,"Population, total",SP.POP.TOTL,379696477.0
443,2013,AMERICAN SAMOA,,,,,,,,,ASM,GDP (current US$),NY.GDP.MKTP.CD,638000000.0,"Population, total",SP.POP.TOTL,55717.0
444,2013,ANTIGUA AND BARBUDA,,,,,,,,,ATG,GDP (current US$),NY.GDP.MKTP.CD,1181448148.14815,"Population, total",SP.POP.TOTL,91510.0
445,2013,"BAHAMAS, THE",,,,,,,,,BHS,GDP (current US$),NY.GDP.MKTP.CD,10562800000.0,"Population, total",SP.POP.TOTL,367162.0
446,2013,BOSNIA AND HERZEGOVINA,,,,,,,,,BIH,GDP (current US$),NY.GDP.MKTP.CD,18172335776.3301,"Population, total",SP.POP.TOTL,3542598.0
447,2013,BOLIVIA,,,,,,,,,BOL,GDP (current US$),NY.GDP.MKTP.CD,30659338885.6729,"Population, total",SP.POP.TOTL,10542375.0
448,2013,BRUNEI DARUSSALAM,,,,,,,,,BRN,GDP (current US$),NY.GDP.MKTP.CD,18093829923.2737,"Population, total",SP.POP.TOTL,404414.0
449,2013,CENTRAL EUROPE AND THE BALTICS,,,,,,,,,CEB,GDP (current US$),NY.GDP.MKTP.CD,1422763976505.68,"Population, total",SP.POP.TOTL,103713726.0
450,2013,CHANNEL ISLANDS,,,,,,,,,CHI,GDP (current US$),NY.GDP.MKTP.CD,,"Population, total",SP.POP.TOTL,163039.0
451,2013,CHINA,,,,,,,,,CHN,GDP (current US$),NY.GDP.MKTP.CD,9570406235659.64,"Population, total",SP.POP.TOTL,1363240000.0
452,2013,COTE D'IVOIRE,,,,,,,,,CIV,GDP (current US$),NY.GDP.MKTP.CD,42760237561.4396,"Population, total",SP.POP.TOTL,22087506.0
453,2013,CAMEROON,,,,,,,,,CMR,GDP (current US$),NY.GDP.MKTP.CD,33728622819.0912,"Population, total",SP.POP.TOTL,22077300.0
454,2013,"CONGO, DEM. REP.",,,,,,,,,COD,GDP (current US$),NY.GDP.MKTP.CD,32679745297.6453,"Population, total",SP.POP.TOTL,71358804.0
455,2013,"CONGO, REP.",,,,,,,,,COG,GDP (current US$),NY.GDP.MKTP.CD,17958720704.4596,"Population, total",SP.POP.TOTL,4622757.0
456,2013,CABO VERDE,,,,,,,,,CPV,GDP (current US$),NY.GDP.MKTP.CD,1850470042.43281,"Population, total",SP.POP.TOTL,511740.0
457,2013,CARIBBEAN SMALL STATES,,,,,,,,,CSS,GDP (current US$),NY.GDP.MKTP.CD,73521446002.3955,"Population, total",SP.POP.TOTL,7123315.0
458,2013,CZECHIA,,,,,,,,,CZE,GDP (current US$),NY.GDP.MKTP.CD,211685616592.931,"Population, total",SP.POP.TOTL,10514272.0
459,2013,EAST ASIA & PACIFIC (EXCLUDING HIGH INCOME),,,,,,,,,EAP,GDP (current US$),NY.GDP.MKTP.CD,11871112996760.2,"Population, total",SP.POP.TOTL,2014796921.0
460,2013,EARLY-DEMOGRAPHIC DIVIDEND,,,,,,,,,EAR,GDP (current US$),NY.GDP.MKTP.CD,10295575316213.0,"Population, total",SP.POP.TOTL,3037084158.0
461,2013,EAST ASIA & PACIFIC,,,,,,,,,EAS,GDP (current US$),NY.GDP.MKTP.CD,21409820574994.3,"Population, total",SP.POP.TOTL,2257904491.0
462,2013,EUROPE & CENTRAL ASIA (EXCLUDING HIGH INCOME),,,,,,,,,ECA,GDP (current US$),NY.GDP.MKTP.CD,4150223013344.07,"Population, total",SP.POP.TOTL,385050864.0
463,2013,EUROPE & CENTRAL ASIA,,,,,,,,,ECS,GDP (current US$),NY.GDP.MKTP.CD,23481224437521.6,"Population, total",SP.POP.TOTL,898022522.0
464,2013,"EGYPT, ARAB REP.",,,,,,,,,EGY,GDP (current US$),NY.GDP.MKTP.CD,288434108527.132,"Population, total",SP.POP.TOTL,88404652.0
465,2013,EURO AREA,,,,,,,,,EMU,GDP (current US$),NY.GDP.MKTP.CD,13195371020219.7,"Population, total",SP.POP.TOTL,337302111.0
466,2013,EUROPEAN UNION,,,,,,,,,EUU,GDP (current US$),NY.GDP.MKTP.CD,15299732275660.3,"Population, total",SP.POP.TOTL,442469469.0
467,2013,FRAGILE AND CONFLICT AFFECTED SITUATIONS,,,,,,,,,FCS,GDP (current US$),NY.GDP.MKTP.CD,1946596506024.74,"Population, total",SP.POP.TOTL,825010695.0
468,2013,FRANCE,,,,,,,,,FRA,GDP (current US$),NY.GDP.MKTP.CD,2811876903329.03,"Population, total",SP.POP.TOTL,65998685.0
469,2013,FAROE ISLANDS,,,,,,,,,FRO,GDP (current US$),NY.GDP.MKTP.CD,2677296440.7172,"Population, total",SP.POP.TOTL,47901.0
470,2013,"MICRONESIA, FED. STS.",,,,,,,,,FSM,GDP (current US$),NY.GDP.MKTP.CD,317214400.0,"Population, total",SP.POP.TOTL,105922.0
471,2013,"GAMBIA, THE",,,,,,,,,GMB,GDP (current US$),NY.GDP.MKTP.CD,1375608956.10386,"Population, total",SP.POP.TOTL,1963708.0
472,2013,GUINEA-BISSAU,,,,,,,,,GNB,GDP (current US$),NY.GDP.MKTP.CD,1046087417.96916,"Population, total",SP.POP.TOTL,1648259.0
473,2013,GUAM,,,,,,,,,GUM,GDP (current US$),NY.GDP.MKTP.CD,5399000000.0,"Population, total",SP.POP.TOTL,160415.0
474,2013,HIGH INCOME,,,,,,,,,HIC,GDP (current US$),NY.GDP.MKTP.CD,50047896627312.3,"Population, total",SP.POP.TOTL,1197153389.0
475,2013,"HONG KONG SAR, CHINA",,,,,,,,,HKG,GDP (current US$),NY.GDP.MKTP.CD,275696879834.966,"Population, total",SP.POP.TOTL,7178900.0
476,2013,HEAVILY INDEBTED POOR COUNTRIES (HIPC),,,,,,,,,HPC,GDP (current US$),NY.GDP.MKTP.CD,673156514396.158,"Population, total",SP.POP.TOTL,679013004.0
477,2013,IBRD ONLY,,,,,,,,,IBD,GDP (current US$),NY.GDP.MKTP.CD,26687314344078.3,"Population, total",SP.POP.TOTL,4566062769.0
478,2013,IDA & IBRD TOTAL,,,,,,,,,IBT,GDP (current US$),NY.GDP.MKTP.CD,28633433322819.4,"Population, total",SP.POP.TOTL,6026674017.0
479,2013,IDA TOTAL,,,,,,,,,IDA,GDP (current US$),NY.GDP.MKTP.CD,1946118978741.11,"Population, total",SP.POP.TOTL,1460611248.0
480,2013,IDA BLEND,,,,,,,,,IDB,GDP (current US$),NY.GDP.MKTP.CD,978009434733.188,"Population, total",SP.POP.TOTL,489624577.0
481,2013,IDA ONLY,,,,,,,,,IDX,GDP (current US$),NY.GDP.MKTP.CD,968109544007.918,"Population, total",SP.POP.TOTL,970986671.0
482,2013,ISLE OF MAN,,,,,,,,,IMN,GDP (current US$),NY.GDP.MKTP.CD,7000748788.49461,"Population, total",SP.POP.TOTL,83985.0
483,2013,NOT CLASSIFIED,,,,,,,,,INX,GDP (current US$),NY.GDP.MKTP.CD,,"Population, total",SP.POP.TOTL,
484,2013,"IRAN, ISLAMIC REP.",,,,,,,,,IRN,GDP (current US$),NY.GDP.MKTP.CD,492775565649.562,"Population, total",SP.POP.TOTL,76481963.0
485,2013,ITALY,,,,,,,,,ITA,GDP (current US$),NY.GDP.MKTP.CD,2141924094298.56,"Population, total",SP.POP.TOTL,60233948.0
486,2013,KYRGYZ REPUBLIC,,,,,,,,,KGZ,GDP (current US$),NY.GDP.MKTP.CD,7335027591.91628,"Population, total",SP.POP.TOTL,5719600.0
487,2013,ST. KITTS AND NEVIS,,,,,,,,,KNA,GDP (current US$),NY.GDP.MKTP.CD,875376407.407407,"Population, total",SP.POP.TOTL,50328.0
488,2013,"KOREA, REP.",,,,,,,,,KOR,GDP (current US$),NY.GDP.MKTP.CD,1370795199976.18,"Population, total",SP.POP.TOTL,50428893.0
489,2013,LATIN AMERICA & CARIBBEAN (EXCLUDING HIGH INCOME),,,,,,,,,LAC,GDP (current US$),NY.GDP.MKTP.CD,5386102135060.8,"Population, total",SP.POP.TOTL,548716683.0
490,2013,LAO PDR,,,,,,,,,LAO,GDP (current US$),NY.GDP.MKTP.CD,11983252611.2727,"Population, total",SP.POP.TOTL,6541302.0
491,2013,LIBYA,,,,,,,,,LBY,GDP (current US$),NY.GDP.MKTP.CD,75350633010.9303,"Population, total",SP.POP.TOTL,6320350.0
492,2013,ST. LUCIA,,,,,,,,,LCA,GDP (current US$),NY.GDP.MKTP.CD,1664816740.74074,"Population, total",SP.POP.TOTL,177505.0
493,2013,LATIN AMERICA & CARIBBEAN,,,,,,,,,LCN,GDP (current US$),NY.GDP.MKTP.CD,6302260334241.2,"Population, total",SP.POP.TOTL,609595811.0
494,2013,LEAST DEVELOPED COUNTRIES: UN CLASSIFICATION,,,,,,,,,LDC,GDP (current US$),NY.GDP.MKTP.CD,912825118463.957,"Population, total",SP.POP.TOTL,897536802.0
495,2013,LOW INCOME,,,,,,,,,LIC,GDP (current US$),NY.GDP.MKTP.CD,449878650135.62,"Population, total",SP.POP.TOTL,570043355.0
496,2013,LOWER MIDDLE INCOME,,,,,,,,,LMC,GDP (current US$),NY.GDP.MKTP.CD,6432753018623.34,"Population, total",SP.POP.TOTL,3003828154.0
497,2013,LOW & MIDDLE INCOME,,,,,,,,,LMY,GDP (current US$),NY.GDP.MKTP.CD,27188300106079.8,"Population, total",SP.POP.TOTL,5948565943.0
498,2013,LATE-DEMOGRAPHIC DIVIDEND,,,,,,,,,LTE,GDP (current US$),NY.GDP.MKTP.CD,19020336554220.1,"Population, total",SP.POP.TOTL,2226143139.0
499,2013,"MACAO SAR, CHINA",,,,,,,,,MAC,GDP (current US$),NY.GDP.MKTP.CD,51536304807.6803,"Population, total",SP.POP.TOTL,577368.0
500,2013,ST. MARTIN (FRENCH PART),,,,,,,,,MAF,GDP (current US$),NY.GDP.MKTP.CD,,"Population, total",SP.POP.TOTL,36458.0
501,2013,MONACO,,,,,,,,,MCO,GDP (current US$),NY.GDP.MKTP.CD,6555983530.34932,"Population, total",SP.POP.TOTL,36899.0
502,2013,MOLDOVA,,,,,,,,,MDA,GDP (current US$),NY.GDP.MKTP.CD,9496717702.44839,"Population, total",SP.POP.TOTL,2858692.0
503,2013,MIDDLE EAST & NORTH AFRICA,,,,,,,,,MEA,GDP (current US$),NY.GDP.MKTP.CD,3553161343517.32,"Population, total",SP.POP.TOTL,409968633.0
504,2013,MIDDLE INCOME,,,,,,,,,MIC,GDP (current US$),NY.GDP.MKTP.CD,26739563342646.6,"Population, total",SP.POP.TOTL,5378522588.0
505,2013,NORTH MACEDONIA,,,,,,,,,MKD,GDP (current US$),NY.GDP.MKTP.CD,10817712138.9451,"Population, total",SP.POP.TOTL,2064032.0
506,2013,MYANMAR,,,,,,,,,MMR,GDP (current US$),NY.GDP.MKTP.CD,60572257122.2962,"Population, total",SP.POP.TOTL,51852464.0
507,2013,MIDDLE EAST & NORTH AFRICA (EXCLUDING HIGH INCOME),,,,,,,,,MNA,GDP (current US$),NY.GDP.MKTP.CD,1616323385620.79,"Population, total",SP.POP.TOTL,351290405.0
508,2013,NORTHERN MARIANA ISLANDS,,,,,,,,,MNP,GDP (current US$),NY.GDP.MKTP.CD,772000000.0,"Population, total",SP.POP.TOTL,54786.0
509,2013,NORTH AMERICA,,,,,,,,,NAC,GDP (current US$),NY.GDP.MKTP.CD,18696254170835.0,"Population, total",SP.POP.TOTL,351207902.0
510,2013,OECD MEMBERS,,,,,,,,,OED,GDP (current US$),NY.GDP.MKTP.CD,49291557683427.5,"Population, total",SP.POP.TOTL,1315224394.0
511,2013,OTHER SMALL STATES,,,,,,,,,OSS,GDP (current US$),NY.GDP.MKTP.CD,432289396601.509,"Population, total",SP.POP.TOTL,27794594.0
512,2013,PRE-DEMOGRAPHIC DIVIDEND,,,,,,,,,PRE,GDP (current US$),NY.GDP.MKTP.CD,1455530908006.03,"Population, total",SP.POP.TOTL,798496024.0
513,2013,PUERTO RICO,,,,,,,,,PRI,GDP (current US$),NY.GDP.MKTP.CD,102450000000.0,"Population, total",SP.POP.TOTL,3593077.0
514,2013,"KOREA, DEM. PEOPLE'S REP.",,,,,,,,,PRK,GDP (current US$),NY.GDP.MKTP.CD,,"Population, total",SP.POP.TOTL,24929500.0
515,2013,WEST BANK AND GAZA,,,,,,,,,PSE,GDP (current US$),NY.GDP.MKTP.CD,13515500000.0,"Population, total",SP.POP.TOTL,4076708.0
516,2013,PACIFIC ISLAND SMALL STATES,,,,,,,,,PSS,GDP (current US$),NY.GDP.MKTP.CD,8498746217.43669,"Population, total",SP.POP.TOTL,2295450.0
517,2013,POST-DEMOGRAPHIC DIVIDEND,,,,,,,,,PST,GDP (current US$),NY.GDP.MKTP.CD,46252814756263.8,"Population, total",SP.POP.TOTL,1087107539.0
518,2013,SOUTH ASIA,,,,,,,,,SAS,GDP (current US$),NY.GDP.MKTP.CD,2359608787133.38,"Population, total",SP.POP.TOTL,1705761545.0
519,2013,SUDAN,,,,,,,,,SDN,GDP (current US$),NY.GDP.MKTP.CD,66026600235.4524,"Population, total",SP.POP.TOTL,37072555.0
520,2013,SAN MARINO,,,,,,,,,SMR,GDP (current US$),NY.GDP.MKTP.CD,1678841811.66158,"Population, total",SP.POP.TOTL,32554.0
521,2013,SUB-SAHARAN AFRICA (EXCLUDING HIGH INCOME),,,,,,,,,SSA,GDP (current US$),NY.GDP.MKTP.CD,1803401657074.03,"Population, total",SP.POP.TOTL,942949525.0
522,2013,SOUTH SUDAN,,,,,,,,,SSD,GDP (current US$),NY.GDP.MKTP.CD,18426469016.9492,"Population, total",SP.POP.TOTL,10355030.0
523,2013,SUB-SAHARAN AFRICA,,,,,,,,,SSF,GDP (current US$),NY.GDP.MKTP.CD,1804729746760.4,"Population, total",SP.POP.TOTL,943039474.0
524,2013,SMALL STATES,,,,,,,,,SST,GDP (current US$),NY.GDP.MKTP.CD,514309588821.341,"Population, total",SP.POP.TOTL,37213359.0
525,2013,SAO TOME AND PRINCIPE,,,,,,,,,STP,GDP (current US$),NY.GDP.MKTP.CD,300554483.611626,"Population, total",SP.POP.TOTL,192076.0
526,2013,SLOVAK REPUBLIC,,,,,,,,,SVK,GDP (current US$),NY.GDP.MKTP.CD,98569320342.5842,"Population, total",SP.POP.TOTL,5413393.0
527,2013,ESWATINI,,,,,,,,,SWZ,GDP (current US$),NY.GDP.MKTP.CD,4597532029.70451,"Population, total",SP.POP.TOTL,1086843.0
528,2013,SINT MAARTEN (DUTCH PART),,,,,,,,,SXM,GDP (current US$),NY.GDP.MKTP.CD,1022905027.93296,"Population, total",SP.POP.TOTL,36607.0
529,2013,EAST ASIA & PACIFIC (IDA & IBRD COUNTRIES),,,,,,,,,TEA,GDP (current US$),NY.GDP.MKTP.CD,11855675717376.6,"Population, total",SP.POP.TOTL,1989821912.0
530,2013,EUROPE & CENTRAL ASIA (IDA & IBRD COUNTRIES),,,,,,,,,TEC,GDP (current US$),NY.GDP.MKTP.CD,4920929704588.63,"Population, total",SP.POP.TOTL,447330442.0
531,2013,LATIN AMERICA & THE CARIBBEAN (IDA & IBRD COUNTRIES),,,,,,,,,TLA,GDP (current US$),NY.GDP.MKTP.CD,6089681481339.62,"Population, total",SP.POP.TOTL,593506947.0
532,2013,TIMOR-LESTE,,,,,,,,,TLS,GDP (current US$),NY.GDP.MKTP.CD,1395519600.0,"Population, total",SP.POP.TOTL,1153288.0
533,2013,MIDDLE EAST & NORTH AFRICA (IDA & IBRD COUNTRIES),,,,,,,,,TMN,GDP (current US$),NY.GDP.MKTP.CD,1602807885620.79,"Population, total",SP.POP.TOTL,347213697.0
534,2013,SOUTH ASIA (IDA & IBRD),,,,,,,,,TSA,GDP (current US$),NY.GDP.MKTP.CD,2359608787133.38,"Population, total",SP.POP.TOTL,1705761545.0
535,2013,SUB-SAHARAN AFRICA (IDA & IBRD COUNTRIES),,,,,,,,,TSS,GDP (current US$),NY.GDP.MKTP.CD,1804729746760.4,"Population, total",SP.POP.TOTL,943039474.0
536,2013,TURKIYE,,,,,,,,,TUR,GDP (current US$),NY.GDP.MKTP.CD,957783020853.031,"Population, total",SP.POP.TOTL,75925454.0
537,2013,TANZANIA,,,,,,,,,TZA,GDP (current US$),NY.GDP.MKTP.CD,45680532613.7591,"Population, total",SP.POP.TOTL,48483132.0
538,2013,UPPER MIDDLE INCOME,,,,,,,,,UMC,GDP (current US$),NY.GDP.MKTP.CD,20306810324023.2,"Population, total",SP.POP.TOTL,2374694434.0
539,2013,UNITED STATES,,,,,,,,,USA,GDP (current US$),NY.GDP.MKTP.CD,16843190993000.0,"Population, total",SP.POP.TOTL,316059947.0
540,2013,ST. VINCENT AND THE GRENADINES,,,,,,,,,VCT,GDP (current US$),NY.GDP.MKTP.CD,764781242.711841,"Population, total",SP.POP.TOTL,108624.0
541,2013,"VENEZUELA, RB",,,,,,,,,VEN,GDP (current US$),NY.GDP.MKTP.CD,371005379786.566,"Population, total",SP.POP.TOTL,29781046.0
542,2013,VIRGIN ISLANDS (U.S.),,,,,,,,,VIR,GDP (current US$),NY.GDP.MKTP.CD,3738000000.0,"Population, total",SP.POP.TOTL,108041.0
543,2013,VIETNAM,,,,,,,,,VNM,GDP (current US$),NY.GDP.MKTP.CD,213710932339.105,"Population, total",SP.POP.TOTL,90752593.0
544,2013,WORLD,,,,,,,,,WLD,GDP (current US$),NY.GDP.MKTP.CD,77607198470255.7,"Population, total",SP.POP.TOTL,7175500378.0
545,2013,KOSOVO,,,,,,,,,XKX,GDP (current US$),NY.GDP.MKTP.CD,6735731172.79851,"Population, total",SP.POP.TOTL,1818117.0
546,2013,"YEMEN, REP.",,,,,,,,,YEM,GDP (current US$),NY.GDP.MKTP.CD,40415235701.9871,"Population, total",SP.POP.TOTL,25147112.0
547,2014,AFRICA EASTERN AND SOUTHERN,,,,,,,,,AFE,GDP (current US$),NY.GDP.MKTP.CD,1003678868706.97,"Population, total",SP.POP.TOTL,578075373.0
548,2014,AFRICA WESTERN AND CENTRAL,,,,,,,,,AFW,GDP (current US$),NY.GDP.MKTP.CD,864990453538.518,"Population, total",SP.POP.TOTL,390882979.0
549,2014,ARAB WORLD,,,,,,,,,ARB,GDP (current US$),NY.GDP.MKTP.CD,2876010443891.52,"Population, total",SP.POP.TOTL,387899835.0
550,2014,AMERICAN SAMOA,,,,,,,,,ASM,GDP (current US$),NY.GDP.MKTP.CD,643000000.0,"Population, total",SP.POP.TOTL,55791.0
551,2014,ANTIGUA AND BARBUDA,,,,,,,,,ATG,GDP (current US$),NY.GDP.MKTP.CD,1249733333.33333,"Population, total",SP.POP.TOTL,92562.0
552,2014,"BAHAMAS, THE",,,,,,,,,BHS,GDP (current US$),NY.GDP.MKTP.CD,11176100000.0,"Population, total",SP.POP.TOTL,370625.0
553,2014,BOSNIA AND HERZEGOVINA,,,,,,,,,BIH,GDP (current US$),NY.GDP.MKTP.CD,18560861397.5577,"Population, total",SP.POP.TOTL,3482106.0
554,2014,BOLIVIA,,,,,,,,,BOL,GDP (current US$),NY.GDP.MKTP.CD,32996188017.3661,"Population, total",SP.POP.TOTL,10706517.0
555,2014,BRUNEI DARUSSALAM,,,,,,,,,BRN,GDP (current US$),NY.GDP.MKTP.CD,17098342541.4365,"Population, total",SP.POP.TOTL,409778.0
556,2014,CENTRAL EUROPE AND THE BALTICS,,,,,,,,,CEB,GDP (current US$),NY.GDP.MKTP.CD,1465927584533.31,"Population, total",SP.POP.TOTL,103496179.0
557,2014,CHANNEL ISLANDS,,,,,,,,,CHI,GDP (current US$),NY.GDP.MKTP.CD,,"Population, total",SP.POP.TOTL,164107.0
558,2014,CHINA,,,,,,,,,CHN,GDP (current US$),NY.GDP.MKTP.CD,10475682920597.7,"Population, total",SP.POP.TOTL,1371860000.0
559,2014,COTE D'IVOIRE,,,,,,,,,CIV,GDP (current US$),NY.GDP.MKTP.CD,48843008580.3288,"Population, total",SP.POP.TOTL,22647672.0
560,2014,CAMEROON,,,,,,,,,CMR,GDP (current US$),NY.GDP.MKTP.CD,36386546917.6861,"Population, total",SP.POP.TOTL,22681853.0
561,2014,"CONGO, DEM. REP.",,,,,,,,,COD,GDP (current US$),NY.GDP.MKTP.CD,35909040265.9328,"Population, total",SP.POP.TOTL,73767445.0
562,2014,"CONGO, REP.",,,,,,,,,COG,GDP (current US$),NY.GDP.MKTP.CD,17912907682.0663,"Population, total",SP.POP.TOTL,4736965.0
563,2014,CABO VERDE,,,,,,,,,CPV,GDP (current US$),NY.GDP.MKTP.CD,1859898513.26858,"Population, total",SP.POP.TOTL,518276.0
564,2014,CARIBBEAN SMALL STATES,,,,,,,,,CSS,GDP (current US$),NY.GDP.MKTP.CD,74620404150.2578,"Population, total",SP.POP.TOTL,7173443.0
565,2014,CZECHIA,,,,,,,,,CZE,GDP (current US$),NY.GDP.MKTP.CD,209358834156.329,"Population, total",SP.POP.TOTL,10525347.0
566,2014,EAST ASIA & PACIFIC (EXCLUDING HIGH INCOME),,,,,,,,,EAP,GDP (current US$),NY.GDP.MKTP.CD,12798789791348.7,"Population, total",SP.POP.TOTL,2031203532.0
567,2014,EARLY-DEMOGRAPHIC DIVIDEND,,,,,,,,,EAR,GDP (current US$),NY.GDP.MKTP.CD,10648316212896.6,"Population, total",SP.POP.TOTL,3079685581.0
568,2014,EAST ASIA & PACIFIC,,,,,,,,,EAS,GDP (current US$),NY.GDP.MKTP.CD,22085315696268.9,"Population, total",SP.POP.TOTL,2275075985.0
569,2014,EUROPE & CENTRAL ASIA (EXCLUDING HIGH INCOME),,,,,,,,,ECA,GDP (current US$),NY.GDP.MKTP.CD,3845832673606.77,"Population, total",SP.POP.TOTL,387621858.0
570,2014,EUROPE & CENTRAL ASIA,,,,,,,,,ECS,GDP (current US$),NY.GDP.MKTP.CD,23811885452932.2,"Population, total",SP.POP.TOTL,902367876.0
571,2014,"EGYPT, ARAB REP.",,,,,,,,,EGY,GDP (current US$),NY.GDP.MKTP.CD,305595408895.265,"Population, total",SP.POP.TOTL,90424668.0
572,2014,EURO AREA,,,,,,,,,EMU,GDP (current US$),NY.GDP.MKTP.CD,13508854391651.8,"Population, total",SP.POP.TOTL,338462234.0
573,2014,EUROPEAN UNION,,,,,,,,,EUU,GDP (current US$),NY.GDP.MKTP.CD,15652098620138.5,"Population, total",SP.POP.TOTL,443576675.0
574,2014,FRAGILE AND CONFLICT AFFECTED SITUATIONS,,,,,,,,,FCS,GDP (current US$),NY.GDP.MKTP.CD,2049521652800.08,"Population, total",SP.POP.TOTL,843965097.0
575,2014,FRANCE,,,,,,,,,FRA,GDP (current US$),NY.GDP.MKTP.CD,2855964488590.19,"Population, total",SP.POP.TOTL,66312067.0
576,2014,FAROE ISLANDS,,,,,,,,,FRO,GDP (current US$),NY.GDP.MKTP.CD,2901131403.11804,"Population, total",SP.POP.TOTL,47965.0
577,2014,"MICRONESIA, FED. STS.",,,,,,,,,FSM,GDP (current US$),NY.GDP.MKTP.CD,319271200.0,"Population, total",SP.POP.TOTL,107444.0
578,2014,"GAMBIA, THE",,,,,,,,,GMB,GDP (current US$),NY.GDP.MKTP.CD,1229460601.92174,"Population, total",SP.POP.TOTL,2024037.0
579,2014,GUINEA-BISSAU,,,,,,,,,GNB,GDP (current US$),NY.GDP.MKTP.CD,1054915645.19654,"Population, total",SP.POP.TOTL,1692433.0
580,2014,GUAM,,,,,,,,,GUM,GDP (current US$),NY.GDP.MKTP.CD,5610000000.0,"Population, total",SP.POP.TOTL,161007.0
581,2014,HIGH INCOME,,,,,,,,,HIC,GDP (current US$),NY.GDP.MKTP.CD,51126000506570.3,"Population, total",SP.POP.TOTL,1204216436.0
582,2014,"HONG KONG SAR, CHINA",,,,,,,,,HKG,GDP (current US$),NY.GDP.MKTP.CD,291459356985.337,"Population, total",SP.POP.TOTL,7229500.0
583,2014,HEAVILY INDEBTED POOR COUNTRIES (HIPC),,,,,,,,,HPC,GDP (current US$),NY.GDP.MKTP.CD,715228883440.478,"Population, total",SP.POP.TOTL,698336663.0
584,2014,IBRD ONLY,,,,,,,,,IBD,GDP (current US$),NY.GDP.MKTP.CD,27585919437824.3,"Population, total",SP.POP.TOTL,4612371789.0
585,2014,IDA & IBRD TOTAL,,,,,,,,,IBT,GDP (current US$),NY.GDP.MKTP.CD,29669217348404.7,"Population, total",SP.POP.TOTL,6105863361.0
586,2014,IDA TOTAL,,,,,,,,,IDA,GDP (current US$),NY.GDP.MKTP.CD,2083297910580.38,"Population, total",SP.POP.TOTL,1493491572.0
587,2014,IDA BLEND,,,,,,,,,IDB,GDP (current US$),NY.GDP.MKTP.CD,1049295978895.45,"Population, total",SP.POP.TOTL,501146189.0
588,2014,IDA ONLY,,,,,,,,,IDX,GDP (current US$),NY.GDP.MKTP.CD,1034001931684.93,"Population, total",SP.POP.TOTL,992345383.0
589,2014,ISLE OF MAN,,,,,,,,,IMN,GDP (current US$),NY.GDP.MKTP.CD,7708834951.45631,"Population, total",SP.POP.TOTL,83488.0
590,2014,NOT CLASSIFIED,,,,,,,,,INX,GDP (current US$),NY.GDP.MKTP.CD,,"Population, total",SP.POP.TOTL,
591,2014,"IRAN, ISLAMIC REP.",,,,,,,,,IRN,GDP (current US$),NY.GDP.MKTP.CD,460382791826.34,"Population, total",SP.POP.TOTL,77465769.0
592,2014,ITALY,,,,,,,,,ITA,GDP (current US$),NY.GDP.MKTP.CD,2162009615996.54,"Population, total",SP.POP.TOTL,60789140.0
593,2014,KYRGYZ REPUBLIC,,,,,,,,,KGZ,GDP (current US$),NY.GDP.MKTP.CD,7468096566.71158,"Population, total",SP.POP.TOTL,5835500.0
594,2014,ST. KITTS AND NEVIS,,,,,,,,,KNA,GDP (current US$),NY.GDP.MKTP.CD,954062481.481481,"Population, total",SP.POP.TOTL,50776.0
595,2014,"KOREA, REP.",,,,,,,,,KOR,GDP (current US$),NY.GDP.MKTP.CD,1484318219633.63,"Population, total",SP.POP.TOTL,50746659.0
596,2014,LATIN AMERICA & CARIBBEAN (EXCLUDING HIGH INCOME),,,,,,,,,LAC,GDP (current US$),NY.GDP.MKTP.CD,5410692635981.98,"Population, total",SP.POP.TOTL,554632891.0
597,2014,LAO PDR,,,,,,,,,LAO,GDP (current US$),NY.GDP.MKTP.CD,13279248478.8161,"Population, total",SP.POP.TOTL,6639763.0
598,2014,LIBYA,,,,,,,,,LBY,GDP (current US$),NY.GDP.MKTP.CD,57372445771.7699,"Population, total",SP.POP.TOTL,6362039.0
599,2014,ST. LUCIA,,,,,,,,,LCA,GDP (current US$),NY.GDP.MKTP.CD,1755130814.81481,"Population, total",SP.POP.TOTL,178307.0
600,2014,LATIN AMERICA & CARIBBEAN,,,,,,,,,LCN,GDP (current US$),NY.GDP.MKTP.CD,6425925127988.69,"Population, total",SP.POP.TOTL,615999056.0
601,2014,LEAST DEVELOPED COUNTRIES: UN CLASSIFICATION,,,,,,,,,LDC,GDP (current US$),NY.GDP.MKTP.CD,981404159747.835,"Population, total",SP.POP.TOTL,918959067.0
602,2014,LOW INCOME,,,,,,,,,LIC,GDP (current US$),NY.GDP.MKTP.CD,480290463938.974,"Population, total",SP.POP.TOTL,584767206.0
603,2014,LOWER MIDDLE INCOME,,,,,,,,,LMC,GDP (current US$),NY.GDP.MKTP.CD,6682831969457.04,"Population, total",SP.POP.TOTL,3048756862.0
604,2014,LOW & MIDDLE INCOME,,,,,,,,,LMY,GDP (current US$),NY.GDP.MKTP.CD,28100455731233.0,"Population, total",SP.POP.TOTL,6027587134.0
605,2014,LATE-DEMOGRAPHIC DIVIDEND,,,,,,,,,LTE,GDP (current US$),NY.GDP.MKTP.CD,19748300821653.4,"Population, total",SP.POP.TOTL,2241445370.0
606,2014,"MACAO SAR, CHINA",,,,,,,,,MAC,GDP (current US$),NY.GDP.MKTP.CD,54903031137.7096,"Population, total",SP.POP.TOTL,590210.0
607,2014,ST. MARTIN (FRENCH PART),,,,,,,,,MAF,GDP (current US$),NY.GDP.MKTP.CD,772921756.347188,"Population, total",SP.POP.TOTL,36018.0
608,2014,MONACO,,,,,,,,,MCO,GDP (current US$),NY.GDP.MKTP.CD,7069616048.89066,"Population, total",SP.POP.TOTL,37320.0
609,2014,MOLDOVA,,,,,,,,,MDA,GDP (current US$),NY.GDP.MKTP.CD,9510198961.57287,"Population, total",SP.POP.TOTL,2856950.0
610,2014,MIDDLE EAST & NORTH AFRICA,,,,,,,,,MEA,GDP (current US$),NY.GDP.MKTP.CD,3569382045547.03,"Population, total",SP.POP.TOTL,417924350.0
611,2014,MIDDLE INCOME,,,,,,,,,MIC,GDP (current US$),NY.GDP.MKTP.CD,27621943655332.5,"Population, total",SP.POP.TOTL,5442819928.0
612,2014,NORTH MACEDONIA,,,,,,,,,MKD,GDP (current US$),NY.GDP.MKTP.CD,11362272837.8818,"Population, total",SP.POP.TOTL,2067471.0
613,2014,MYANMAR,,,,,,,,,MMR,GDP (current US$),NY.GDP.MKTP.CD,63264892768.3726,"Population, total",SP.POP.TOTL,52280816.0
614,2014,MIDDLE EAST & NORTH AFRICA (EXCLUDING HIGH INCOME),,,,,,,,,MNA,GDP (current US$),NY.GDP.MKTP.CD,1592380458099.95,"Population, total",SP.POP.TOTL,357629838.0
615,2014,NORTHERN MARIANA ISLANDS,,,,,,,,,MNP,GDP (current US$),NY.GDP.MKTP.CD,832000000.0,"Population, total",SP.POP.TOTL,55301.0
616,2014,NORTH AMERICA,,,,,,,,,NAC,GDP (current US$),NY.GDP.MKTP.CD,19362844040439.9,"Population, total",SP.POP.TOTL,353888902.0
617,2014,OECD MEMBERS,,,,,,,,,OED,GDP (current US$),NY.GDP.MKTP.CD,50304127205366.7,"Population, total",SP.POP.TOTL,1324034852.0
618,2014,OTHER SMALL STATES,,,,,,,,,OSS,GDP (current US$),NY.GDP.MKTP.CD,446284720914.132,"Population, total",SP.POP.TOTL,28364446.0
619,2014,PRE-DEMOGRAPHIC DIVIDEND,,,,,,,,,PRE,GDP (current US$),NY.GDP.MKTP.CD,1530149667900.49,"Population, total",SP.POP.TOTL,821931559.0
620,2014,PUERTO RICO,,,,,,,,,PRI,GDP (current US$),NY.GDP.MKTP.CD,102445800000.0,"Population, total",SP.POP.TOTL,3534874.0
621,2014,"KOREA, DEM. PEOPLE'S REP.",,,,,,,,,PRK,GDP (current US$),NY.GDP.MKTP.CD,,"Population, total",SP.POP.TOTL,25057793.0
622,2014,WEST BANK AND GAZA,,,,,,,,,PSE,GDP (current US$),NY.GDP.MKTP.CD,13989700000.0,"Population, total",SP.POP.TOTL,4173398.0
623,2014,PACIFIC ISLAND SMALL STATES,,,,,,,,,PSS,GDP (current US$),NY.GDP.MKTP.CD,9225908806.60407,"Population, total",SP.POP.TOTL,2323558.0
624,2014,POST-DEMOGRAPHIC DIVIDEND,,,,,,,,,PST,GDP (current US$),NY.GDP.MKTP.CD,47173652475802.9,"Population, total",SP.POP.TOTL,1092062242.0
625,2014,SOUTH ASIA,,,,,,,,,SAS,GDP (current US$),NY.GDP.MKTP.CD,2584563411971.79,"Population, total",SP.POP.TOTL,1727632022.0
626,2014,SUDAN,,,,,,,,,SDN,GDP (current US$),NY.GDP.MKTP.CD,76818327441.6497,"Population, total",SP.POP.TOTL,37977657.0
627,2014,SAN MARINO,,,,,,,,,SMR,GDP (current US$),NY.GDP.MKTP.CD,1673973694.69908,"Population, total",SP.POP.TOTL,32941.0
628,2014,SUB-SAHARAN AFRICA (EXCLUDING HIGH INCOME),,,,,,,,,SSA,GDP (current US$),NY.GDP.MKTP.CD,1867281744482.3,"Population, total",SP.POP.TOTL,968866993.0
629,2014,SOUTH SUDAN,,,,,,,,,SSD,GDP (current US$),NY.GDP.MKTP.CD,13962212847.4576,"Population, total",SP.POP.TOTL,10554882.0
630,2014,SUB-SAHARAN AFRICA,,,,,,,,,SSF,GDP (current US$),NY.GDP.MKTP.CD,1868669322245.49,"Population, total",SP.POP.TOTL,968958352.0
631,2014,SMALL STATES,,,,,,,,,SST,GDP (current US$),NY.GDP.MKTP.CD,530131033870.994,"Population, total",SP.POP.TOTL,37861447.0
632,2014,SAO TOME AND PRINCIPE,,,,,,,,,STP,GDP (current US$),NY.GDP.MKTP.CD,346528329.183227,"Population, total",SP.POP.TOTL,195727.0
633,2014,SLOVAK REPUBLIC,,,,,,,,,SVK,GDP (current US$),NY.GDP.MKTP.CD,101089178418.029,"Population, total",SP.POP.TOTL,5418649.0
634,2014,ESWATINI,,,,,,,,,SWZ,GDP (current US$),NY.GDP.MKTP.CD,4422968339.67584,"Population, total",SP.POP.TOTL,1095022.0
635,2014,SINT MAARTEN (DUTCH PART),,,,,,,,,SXM,GDP (current US$),NY.GDP.MKTP.CD,1245251396.64804,"Population, total",SP.POP.TOTL,37685.0
636,2014,EAST ASIA & PACIFIC (IDA & IBRD COUNTRIES),,,,,,,,,TEA,GDP (current US$),NY.GDP.MKTP.CD,12782189477274.2,"Population, total",SP.POP.TOTL,2006100237.0
637,2014,EUROPE & CENTRAL ASIA (IDA & IBRD COUNTRIES),,,,,,,,,TEC,GDP (current US$),NY.GDP.MKTP.CD,4646599423005.3,"Population, total",SP.POP.TOTL,449780961.0
638,2014,LATIN AMERICA & THE CARIBBEAN (IDA & IBRD COUNTRIES),,,,,,,,,TLA,GDP (current US$),NY.GDP.MKTP.CD,6208804955807.97,"Population, total",SP.POP.TOTL,599935349.0
639,2014,TIMOR-LESTE,,,,,,,,,TLS,GDP (current US$),NY.GDP.MKTP.CD,1447307100.0,"Population, total",SP.POP.TOTL,1174333.0
640,2014,MIDDLE EAST & NORTH AFRICA (IDA & IBRD COUNTRIES),,,,,,,,,TMN,GDP (current US$),NY.GDP.MKTP.CD,1578390758099.95,"Population, total",SP.POP.TOTL,353456440.0
641,2014,SOUTH ASIA (IDA & IBRD),,,,,,,,,TSA,GDP (current US$),NY.GDP.MKTP.CD,2584563411971.79,"Population, total",SP.POP.TOTL,1727632022.0
642,2014,SUB-SAHARAN AFRICA (IDA & IBRD COUNTRIES),,,,,,,,,TSS,GDP (current US$),NY.GDP.MKTP.CD,1868669322245.49,"Population, total",SP.POP.TOTL,968958352.0
643,2014,TURKIYE,,,,,,,,,TUR,GDP (current US$),NY.GDP.MKTP.CD,938952628604.067,"Population, total",SP.POP.TOTL,77229262.0
644,2014,TANZANIA,,,,,,,,,TZA,GDP (current US$),NY.GDP.MKTP.CD,49964788814.0926,"Population, total",SP.POP.TOTL,49960563.0
645,2014,UPPER MIDDLE INCOME,,,,,,,,,UMC,GDP (current US$),NY.GDP.MKTP.CD,20939111685875.5,"Population, total",SP.POP.TOTL,2394063066.0
646,2014,UNITED STATES,,,,,,,,,USA,GDP (current US$),NY.GDP.MKTP.CD,17550680174000.0,"Population, total",SP.POP.TOTL,318386329.0
647,2014,ST. VINCENT AND THE GRENADINES,,,,,,,,,VCT,GDP (current US$),NY.GDP.MKTP.CD,770901436.441118,"Population, total",SP.POP.TOTL,108868.0
648,2014,"VENEZUELA, RB",,,,,,,,,VEN,GDP (current US$),NY.GDP.MKTP.CD,482359318767.703,"Population, total",SP.POP.TOTL,30042973.0
649,2014,VIRGIN ISLANDS (U.S.),,,,,,,,,VIR,GDP (current US$),NY.GDP.MKTP.CD,3565000000.0,"Population, total",SP.POP.TOTL,107882.0
650,2014,VIETNAM,,,,,,,,,VNM,GDP (current US$),NY.GDP.MKTP.CD,233449971628.523,"Population, total",SP.POP.TOTL,91713850.0
651,2014,WORLD,,,,,,,,,WLD,GDP (current US$),NY.GDP.MKTP.CD,79708812241364.7,"Population, total",SP.POP.TOTL,7261846543.0
652,2014,KOSOVO,,,,,,,,,XKX,GDP (current US$),NY.GDP.MKTP.CD,7074657898.23303,"Population, total",SP.POP.TOTL,1812771.0
653,2014,"YEMEN, REP.",,,,,,,,,YEM,GDP (current US$),NY.GDP.MKTP.CD,43228585321.3272,"Population, total",SP.POP.TOTL,25823488.0
